{"stats":{"minecraft:custom":{"minecraft:time_since_rest":1828,"minecraft:sprint_one_cm":54016,"minecraft:damage_taken":6152,"minecraft:walk_one_cm":61597,"minecraft:mob_kills":11,"minecraft:drop":6,"minecraft:swim_one_cm":12664,"minecraft:fly_one_cm":41074,"minecraft:play_time":22659,"minecraft:walk_under_water_one_cm":1792,"minecraft:deaths":5,"minecraft:sneak_time":29,"minecraft:jump":130,"minecraft:damage_dealt_resisted":8215,"minecraft:walk_on_water_one_cm":20889,"minecraft:time_since_death":1685,"minecraft:total_world_time":22659,"minecraft:damage_resisted":9226,"minecraft:fall_one_cm":1267},"minecraft:dropped":{"jujutsucraft:uniform_normal_leggings":2,"jujutsucraft:clothes_jogo_chestplate":3,"jujutsucraft:uniform_normal_chestplate":1},"minecraft:used":{"jujutsucraft:sukuna_finger":1,"jujutsucraft:uniform_normal_leggings":1,"jujutsucraft:clothes_hakari_kinji_chestplate":2},"minecraft:killed":{"jujutsucraft:cursed_spirit_grade_32":2,"minecraft:skeleton":2,"minecraft:zombie":2,"jujutsucraft:awasaka_jiro":1,"jujutsucraft:cursed_spirit_grade_38":1,"jujutsucraft:transfigured_human_1":1,"minecraft:creeper":1},"minecraft:killed_by":{"jujutsucraft:reggie_star":1,"minecraft:player":2,"jujutsucraft:dhruv_lakdawalla":1},"minecraft:mined":{"minecraft:grass":2,"minecraft:oak_leaves":2},"minecraft:picked_up":{"jujutsucraft:recommendation_1":3,"jujutsucraft:item_master_domain_expansion":1,"jujutsucraft:sukuna_finger":1,"jujutsucraft:uniform_normal_chestplate":2,"minecraft:string":2,"jujutsucraft:uniform_normal_leggings":3,"minecraft:arrow":2,"jujutsucraft:clothes_hakari_kinji_chestplate":1,"minecraft:bone":1,"jujutsucraft:itadori_arm":2,"minecraft:rotten_flesh":1,"jujutsucraft:clothes_jogo_chestplate":3,"jujutsucraft:clothes_nanami_leggings":1}},"DataVersion":3465}