{"stats":{"minecraft:custom":{"minecraft:interact_with_smithing_table":1,"minecraft:mob_kills":178,"minecraft:interact_with_crafting_table":1,"minecraft:open_barrel":28,"minecraft:damage_dealt_resisted":51600,"minecraft:leave_game":1,"minecraft:time_since_death":418,"minecraft:damage_resisted":24428,"minecraft:climb_one_cm":188,"minecraft:time_since_rest":647,"minecraft:sprint_one_cm":392736,"minecraft:damage_taken":16324,"minecraft:walk_one_cm":364483,"minecraft:drop":78,"minecraft:damage_dealt":760,"minecraft:fly_one_cm":250383,"minecraft:swim_one_cm":12664,"minecraft:talked_to_villager":1,"minecraft:open_chest":32,"minecraft:crouch_one_cm":714,"minecraft:play_time":68456,"minecraft:deaths":18,"minecraft:sneak_time":152,"minecraft:walk_under_water_one_cm":8769,"minecraft:jump":534,"minecraft:walk_on_water_one_cm":37040,"minecraft:total_world_time":68456,"minecraft:fall_one_cm":19304},"minecraft:dropped":{"jujutsucraft:uniform_normal_leggings":2,"minecraft:stone_sword":2,"minecraft:netherite_sword":1,"jujutsucraftaddon:jujutsu_coin":1,"minecraft:feather":1,"minecraft:chicken":1,"minecraft:rotten_flesh":5,"minecraft:lantern":10,"jujutsucraft:sickle":1,"jujutsucraft:clothes_nanami_leggings":1,"minecraft:spruce_door":10,"jujutsucraft:uniform_normal_chestplate":2,"minecraft:gunpowder":6,"minecraft:torch":6,"minecraft:barrel":4,"minecraft:iron_axe":1,"minecraft:arrow":12,"minecraft:string":7,"jujutsucraft:clothes_jogo_chestplate":3,"minecraft:spruce_sapling":2,"minecraft:bone":5},"minecraft:used":{"minecraft:netherite_sword":3,"minecraft:ender_pearl":1,"jujutsucraft:sukuna_finger":1,"jujutsucraft:clothes_hakari_kinji_chestplate":3,"jujutsucraft:itadori_arm":2,"jujutsucraft:uniform_q_chestplate":1,"jujutsucraft:uniform_normal_leggings":1,"minecraft:egg":1,"jujutsucraft:mahoraga_wheel_helmet":1},"minecraft:killed":{"jujutsucraft:mimiko":1,"jujutsucraft:cursed_spirit_grade_32":7,"jujutsucraft:cursed_spirit_grade_21":1,"jujutsucraft:kukuru":1,"jujutsucraft:nanako":1,"jujutsucraft:doll_1":7,"minecraft:salmon":5,"jujutsucraft:awasaka_jiro":1,"minecraft:spider":4,"jujutsucraft:yoshino_junpei":1,"jujutsucraft:cursed_spirit_grade_318":3,"jujutsucraft:cursed_spirit_grade_211":2,"jujutsucraft:curse_user_1":7,"jujutsucraft:cursed_spirit_grade_316":2,"jujutsucraft:curse_user":2,"minecraft:creeper":2,"jujutsucraft:cursed_spirit_grade_321":4,"minecraft:skeleton":7,"jujutsucraft:cursed_spirit_grade_39":12,"jujutsucraft:shigemo_haruta":1,"jujutsucraft:cursed_spirit_grade_312":2,"jujutsucraft:cursed_spirit_grade_313":2,"jujutsucraft:cursed_spirit_grade_314":5,"jujutsucraft:entity_scissors":28,"minecraft:zombie":4,"jujutsucraft:crow":3,"jujutsucraft:cursed_spirit_grade_311":1,"jujutsucraft:cursed_spirit_grade_310":3,"minecraft:chicken":1,"jujutsucraft:cursed_spirit_grade_19":1,"jujutsucraft:cursed_spirit_grade_16":1,"jujutsucraft:cursed_spirit_grade_36":7,"minecraft:drowned":4,"jujutsucraft:cursed_spirit_grade_317":9,"jujutsucraft:cursed_spirit_grade_212":1,"jujutsucraft:cursed_spirit_grade_38":3,"jujutsucraft:cursed_spirit_grade_34":11,"jujutsucraft:cursed_spirit_grade_319":5,"jujutsucraft:transfigured_human_1":1,"jujutsucraft:cursed_spirit_grade_322":4,"jujutsucraft:kamo_noritoshi":1,"minecraft:villager":3,"jujutsucraft:q":2,"jujutsucraft:ogami":1},"minecraft:killed_by":{"jujutsucraft:reggie_star":1,"minecraft:player":5,"jujutsucraft:cursed_spirit_grade_14":1,"jujutsucraft:uraume":1,"jujutsucraft:dhruv_lakdawalla":1,"jujutsucraft:cursed_spirit_grade_07":3,"jujutsucraft:ino_takuma":1,"jujutsucraft:zenin_naoya":1,"jujutsucraft:cursed_spirit_grade_19":1,"jujutsucraft:kusakabe_yatsuya":1,"jujutsucraft:geto_suguru_curse_user":1},"minecraft:mined":{"minecraft:decorated_pot":1,"minecraft:spruce_leaves":2,"minecraft:barrel":2,"minecraft:grass":2,"minecraft:oak_leaves":5},"minecraft:picked_up":{"minecraft:feather":1,"minecraft:chicken":1,"jujutsucraft:recommendation_1":3,"jujutsucraft:item_master_domain_expansion":1,"jujutsucraft:sukuna_finger":1,"minecraft:gunpowder":7,"jujutsucraft:fester_life_blade":1,"minecraft:lantern":10,"minecraft:string":9,"jujutsucraft:uniform_normal_leggings":3,"minecraft:iron_axe":2,"jujutsucraftaddon:jujutsu_coin":1,"minecraft:bone":6,"jujutsucraft:clothes_hakari_kinji_chestplate":1,"jujutsucraft:itadori_arm":2,"jujutsucraft:clothes_jogo_chestplate":3,"minecraft:egg":1,"jujutsucraft:sickle":2,"minecraft:torch":6,"jujutsucraft:uniform_normal_chestplate":2,"minecraft:spruce_sapling":2,"minecraft:spruce_door":10,"minecraft:spectral_arrow":1,"minecraft:barrel":4,"minecraft:stone_sword":2,"minecraft:arrow":12,"minecraft:rotten_flesh":5,"minecraft:stone_axe":1,"jujutsucraft:uniform_q_chestplate":1,"jujutsucraft:clothes_nanami_leggings":1,"minecraft:ender_pearl":1}},"DataVersion":3465}