{"stats":{"minecraft:custom":{"minecraft:time_since_rest":1666,"minecraft:play_time":10659,"minecraft:sprint_one_cm":19191,"minecraft:walk_one_cm":11019,"minecraft:damage_taken":541,"minecraft:deaths":1,"minecraft:sneak_time":2,"minecraft:walk_under_water_one_cm":193,"minecraft:drop":6,"minecraft:jump":66,"minecraft:time_since_death":1626,"minecraft:walk_on_water_one_cm":3812,"minecraft:total_world_time":10659,"minecraft:damage_resisted":813,"minecraft:swim_one_cm":3176,"minecraft:fall_one_cm":998,"minecraft:fly_one_cm":9260},"minecraft:dropped":{"jujutsucraft:uniform_normal_leggings":2,"jujutsucraft:clothes_jogo_chestplate":3,"jujutsucraft:uniform_normal_chestplate":1},"minecraft:used":{"jujutsucraft:uniform_normal_leggings":1,"jujutsucraft:clothes_hakari_kinji_chestplate":2},"minecraft:killed_by":{"minecraft:player":1},"minecraft:mined":{"minecraft:grass":2,"minecraft:oak_leaves":2},"minecraft:picked_up":{"jujutsucraft:uniform_normal_leggings":3,"jujutsucraft:clothes_hakari_kinji_chestplate":1,"jujutsucraft:recommendation_1":3,"jujutsucraft:clothes_jogo_chestplate":3,"jujutsucraft:uniform_normal_chestplate":1}},"DataVersion":3465}