{"stats":{"minecraft:custom":{"minecraft:interact_with_smithing_table":1,"minecraft:mob_kills":76,"minecraft:interact_with_crafting_table":1,"minecraft:open_barrel":28,"minecraft:damage_dealt_resisted":23775,"minecraft:time_since_death":1825,"minecraft:damage_resisted":16456,"minecraft:climb_one_cm":188,"minecraft:time_since_rest":1856,"minecraft:sprint_one_cm":258294,"minecraft:damage_taken":10991,"minecraft:walk_one_cm":219289,"minecraft:drop":30,"minecraft:fly_one_cm":161579,"minecraft:swim_one_cm":12664,"minecraft:talked_to_villager":1,"minecraft:open_chest":27,"minecraft:crouch_one_cm":500,"minecraft:play_time":46659,"minecraft:deaths":11,"minecraft:sneak_time":100,"minecraft:walk_under_water_one_cm":6174,"minecraft:jump":356,"minecraft:walk_on_water_one_cm":24714,"minecraft:total_world_time":46659,"minecraft:fall_one_cm":10504},"minecraft:dropped":{"jujutsucraft:uniform_normal_leggings":2,"minecraft:stone_sword":1,"minecraft:feather":1,"minecraft:chicken":1,"minecraft:rotten_flesh":5,"jujutsucraft:sickle":1,"jujutsucraft:clothes_nanami_leggings":1,"jujutsucraft:uniform_normal_chestplate":2,"minecraft:gunpowder":5,"minecraft:barrel":4,"minecraft:arrow":2,"minecraft:string":5,"jujutsucraft:clothes_jogo_chestplate":3,"minecraft:bone":1},"minecraft:used":{"minecraft:netherite_sword":3,"minecraft:ender_pearl":1,"jujutsucraft:sukuna_finger":1,"jujutsucraft:clothes_hakari_kinji_chestplate":2,"jujutsucraft:uniform_normal_leggings":1,"minecraft:egg":1,"jujutsucraft:mahoraga_wheel_helmet":1},"minecraft:killed":{"jujutsucraft:cursed_spirit_grade_32":2,"jujutsucraft:cursed_spirit_grade_21":1,"jujutsucraft:kukuru":1,"jujutsucraft:nanako":1,"jujutsucraft:doll_1":1,"jujutsucraft:awasaka_jiro":1,"minecraft:spider":2,"jujutsucraft:yoshino_junpei":1,"jujutsucraft:cursed_spirit_grade_318":2,"jujutsucraft:curse_user_1":4,"jujutsucraft:cursed_spirit_grade_316":2,"jujutsucraft:curse_user":1,"minecraft:creeper":1,"jujutsucraft:cursed_spirit_grade_321":1,"minecraft:skeleton":6,"jujutsucraft:cursed_spirit_grade_39":6,"jujutsucraft:cursed_spirit_grade_312":1,"jujutsucraft:cursed_spirit_grade_313":1,"jujutsucraft:cursed_spirit_grade_314":2,"jujutsucraft:entity_scissors":3,"minecraft:zombie":3,"jujutsucraft:crow":3,"jujutsucraft:cursed_spirit_grade_311":1,"minecraft:chicken":1,"jujutsucraft:cursed_spirit_grade_19":1,"jujutsucraft:cursed_spirit_grade_16":1,"jujutsucraft:cursed_spirit_grade_36":1,"jujutsucraft:cursed_spirit_grade_317":4,"jujutsucraft:cursed_spirit_grade_38":2,"jujutsucraft:cursed_spirit_grade_34":7,"jujutsucraft:cursed_spirit_grade_319":3,"jujutsucraft:transfigured_human_1":1,"jujutsucraft:cursed_spirit_grade_322":1,"minecraft:villager":3,"jujutsucraft:q":1},"minecraft:killed_by":{"jujutsucraft:reggie_star":1,"minecraft:player":3,"jujutsucraft:cursed_spirit_grade_14":1,"jujutsucraft:dhruv_lakdawalla":1,"jujutsucraft:cursed_spirit_grade_07":1,"jujutsucraft:ino_takuma":1,"jujutsucraft:zenin_naoya":1,"jujutsucraft:kusakabe_yatsuya":1},"minecraft:mined":{"minecraft:decorated_pot":1,"minecraft:barrel":2,"minecraft:grass":2,"minecraft:oak_leaves":5},"minecraft:picked_up":{"minecraft:feather":1,"minecraft:chicken":1,"jujutsucraft:recommendation_1":3,"jujutsucraft:item_master_domain_expansion":1,"jujutsucraft:sukuna_finger":1,"minecraft:gunpowder":5,"jujutsucraft:fester_life_blade":1,"minecraft:string":5,"jujutsucraft:uniform_normal_leggings":3,"minecraft:iron_axe":2,"minecraft:bone":6,"jujutsucraft:clothes_hakari_kinji_chestplate":1,"jujutsucraft:itadori_arm":2,"jujutsucraft:clothes_jogo_chestplate":3,"minecraft:egg":1,"jujutsucraft:sickle":2,"jujutsucraft:uniform_normal_chestplate":2,"minecraft:spectral_arrow":1,"minecraft:barrel":4,"minecraft:stone_sword":2,"minecraft:arrow":10,"minecraft:rotten_flesh":5,"minecraft:stone_axe":1,"jujutsucraft:clothes_nanami_leggings":1,"minecraft:ender_pearl":1}},"DataVersion":3465}