{"stats":{"minecraft:custom":{"minecraft:interact_with_smithing_table":1,"minecraft:mob_kills":121,"minecraft:interact_with_crafting_table":1,"minecraft:open_barrel":28,"minecraft:damage_dealt_resisted":46348,"minecraft:time_since_death":10259,"minecraft:damage_resisted":19175,"minecraft:climb_one_cm":188,"minecraft:time_since_rest":10368,"minecraft:sprint_one_cm":353319,"minecraft:damage_taken":12808,"minecraft:walk_one_cm":303589,"minecraft:drop":56,"minecraft:fly_one_cm":224261,"minecraft:swim_one_cm":12664,"minecraft:talked_to_villager":1,"minecraft:open_chest":32,"minecraft:crouch_one_cm":714,"minecraft:play_time":58659,"minecraft:deaths":13,"minecraft:sneak_time":152,"minecraft:walk_under_water_one_cm":6409,"minecraft:jump":488,"minecraft:walk_on_water_one_cm":26906,"minecraft:total_world_time":58659,"minecraft:fall_one_cm":13200},"minecraft:dropped":{"jujutsucraft:uniform_normal_leggings":2,"minecraft:stone_sword":1,"jujutsucraftaddon:jujutsu_coin":1,"minecraft:feather":1,"minecraft:chicken":1,"minecraft:rotten_flesh":5,"minecraft:lantern":10,"jujutsucraft:sickle":1,"jujutsucraft:clothes_nanami_leggings":1,"minecraft:spruce_door":10,"jujutsucraft:uniform_normal_chestplate":2,"minecraft:gunpowder":6,"minecraft:torch":2,"minecraft:barrel":4,"minecraft:arrow":2,"minecraft:string":5,"jujutsucraft:clothes_jogo_chestplate":3,"minecraft:spruce_sapling":2,"minecraft:bone":1},"minecraft:used":{"minecraft:netherite_sword":3,"minecraft:ender_pearl":1,"jujutsucraft:sukuna_finger":1,"jujutsucraft:clothes_hakari_kinji_chestplate":3,"jujutsucraft:itadori_arm":2,"jujutsucraft:uniform_q_chestplate":1,"jujutsucraft:uniform_normal_leggings":1,"minecraft:egg":1,"jujutsucraft:mahoraga_wheel_helmet":1},"minecraft:killed":{"jujutsucraft:mimiko":1,"jujutsucraft:cursed_spirit_grade_32":3,"jujutsucraft:cursed_spirit_grade_21":1,"jujutsucraft:kukuru":1,"jujutsucraft:nanako":1,"jujutsucraft:doll_1":7,"jujutsucraft:awasaka_jiro":1,"minecraft:spider":3,"jujutsucraft:yoshino_junpei":1,"jujutsucraft:cursed_spirit_grade_318":3,"jujutsucraft:cursed_spirit_grade_211":1,"jujutsucraft:curse_user_1":5,"jujutsucraft:cursed_spirit_grade_316":2,"jujutsucraft:curse_user":2,"minecraft:creeper":2,"jujutsucraft:cursed_spirit_grade_321":1,"minecraft:skeleton":6,"jujutsucraft:cursed_spirit_grade_39":9,"jujutsucraft:shigemo_haruta":1,"jujutsucraft:cursed_spirit_grade_312":2,"jujutsucraft:cursed_spirit_grade_313":2,"jujutsucraft:cursed_spirit_grade_314":3,"jujutsucraft:entity_scissors":9,"minecraft:zombie":4,"jujutsucraft:crow":3,"jujutsucraft:cursed_spirit_grade_311":1,"jujutsucraft:cursed_spirit_grade_310":2,"minecraft:chicken":1,"jujutsucraft:cursed_spirit_grade_19":1,"jujutsucraft:cursed_spirit_grade_16":1,"jujutsucraft:cursed_spirit_grade_36":4,"jujutsucraft:cursed_spirit_grade_317":7,"jujutsucraft:cursed_spirit_grade_38":3,"jujutsucraft:cursed_spirit_grade_34":11,"jujutsucraft:cursed_spirit_grade_319":4,"jujutsucraft:transfigured_human_1":1,"jujutsucraft:cursed_spirit_grade_322":2,"jujutsucraft:kamo_noritoshi":1,"minecraft:villager":3,"jujutsucraft:q":2},"minecraft:killed_by":{"jujutsucraft:reggie_star":1,"minecraft:player":3,"jujutsucraft:cursed_spirit_grade_14":1,"jujutsucraft:uraume":1,"jujutsucraft:dhruv_lakdawalla":1,"jujutsucraft:cursed_spirit_grade_07":1,"jujutsucraft:ino_takuma":1,"jujutsucraft:zenin_naoya":1,"jujutsucraft:kusakabe_yatsuya":1,"jujutsucraft:geto_suguru_curse_user":1},"minecraft:mined":{"minecraft:decorated_pot":1,"minecraft:spruce_leaves":2,"minecraft:barrel":2,"minecraft:grass":2,"minecraft:oak_leaves":5},"minecraft:picked_up":{"minecraft:feather":1,"minecraft:chicken":1,"jujutsucraft:recommendation_1":3,"jujutsucraft:item_master_domain_expansion":1,"jujutsucraft:sukuna_finger":1,"minecraft:gunpowder":6,"jujutsucraft:fester_life_blade":1,"minecraft:lantern":10,"minecraft:string":5,"jujutsucraft:uniform_normal_leggings":3,"minecraft:iron_axe":2,"jujutsucraftaddon:jujutsu_coin":1,"minecraft:bone":6,"jujutsucraft:clothes_hakari_kinji_chestplate":1,"jujutsucraft:itadori_arm":2,"jujutsucraft:clothes_jogo_chestplate":3,"minecraft:egg":1,"jujutsucraft:sickle":2,"minecraft:torch":2,"jujutsucraft:uniform_normal_chestplate":2,"minecraft:spruce_sapling":2,"minecraft:spruce_door":10,"minecraft:spectral_arrow":1,"minecraft:barrel":4,"minecraft:stone_sword":2,"minecraft:arrow":10,"minecraft:rotten_flesh":5,"minecraft:stone_axe":1,"jujutsucraft:uniform_q_chestplate":1,"jujutsucraft:clothes_nanami_leggings":1,"minecraft:ender_pearl":1}},"DataVersion":3465}