{"stats":{"minecraft:custom":{"minecraft:time_since_rest":959,"minecraft:interact_with_smithing_table":1,"minecraft:sprint_one_cm":139133,"minecraft:damage_taken":8702,"minecraft:walk_one_cm":113949,"minecraft:mob_kills":25,"minecraft:drop":16,"minecraft:swim_one_cm":12664,"minecraft:interact_with_crafting_table":1,"minecraft:fly_one_cm":88178,"minecraft:open_barrel":19,"minecraft:open_chest":11,"minecraft:crouch_one_cm":500,"minecraft:play_time":34659,"minecraft:walk_under_water_one_cm":6174,"minecraft:deaths":9,"minecraft:sneak_time":100,"minecraft:jump":225,"minecraft:damage_dealt_resisted":13498,"minecraft:walk_on_water_one_cm":24072,"minecraft:time_since_death":927,"minecraft:climb_one_cm":188,"minecraft:total_world_time":34659,"minecraft:damage_resisted":13032,"minecraft:fall_one_cm":5813},"minecraft:dropped":{"jujutsucraft:uniform_normal_leggings":2,"minecraft:stone_sword":1,"minecraft:rotten_flesh":1,"minecraft:barrel":2,"minecraft:arrow":2,"jujutsucraft:clothes_nanami_leggings":1,"minecraft:string":2,"jujutsucraft:clothes_jogo_chestplate":3,"jujutsucraft:uniform_normal_chestplate":2,"minecraft:bone":1},"minecraft:used":{"minecraft:netherite_sword":3,"jujutsucraft:sukuna_finger":1,"jujutsucraft:uniform_normal_leggings":1,"jujutsucraft:mahoraga_wheel_helmet":1,"jujutsucraft:clothes_hakari_kinji_chestplate":2},"minecraft:killed":{"jujutsucraft:cursed_spirit_grade_32":2,"minecraft:skeleton":2,"jujutsucraft:cursed_spirit_grade_39":2,"minecraft:zombie":2,"jujutsucraft:cursed_spirit_grade_19":1,"jujutsucraft:doll_1":1,"jujutsucraft:awasaka_jiro":1,"jujutsucraft:cursed_spirit_grade_317":2,"jujutsucraft:cursed_spirit_grade_38":2,"jujutsucraft:cursed_spirit_grade_34":5,"jujutsucraft:cursed_spirit_grade_322":1,"jujutsucraft:transfigured_human_1":1,"minecraft:creeper":1},"minecraft:killed_by":{"jujutsucraft:reggie_star":1,"minecraft:player":3,"jujutsucraft:kusakabe_yatsuya":1,"jujutsucraft:dhruv_lakdawalla":1,"jujutsucraft:cursed_spirit_grade_07":1,"jujutsucraft:zenin_naoya":1},"minecraft:mined":{"minecraft:barrel":2,"minecraft:decorated_pot":1,"minecraft:grass":2,"minecraft:oak_leaves":5},"minecraft:picked_up":{"jujutsucraft:recommendation_1":3,"jujutsucraft:item_master_domain_expansion":1,"jujutsucraft:sukuna_finger":1,"jujutsucraft:uniform_normal_chestplate":2,"minecraft:spectral_arrow":1,"minecraft:barrel":3,"minecraft:string":2,"minecraft:iron_axe":2,"jujutsucraft:uniform_normal_leggings":3,"minecraft:stone_sword":2,"minecraft:arrow":2,"jujutsucraft:clothes_hakari_kinji_chestplate":1,"minecraft:bone":2,"jujutsucraft:itadori_arm":2,"minecraft:rotten_flesh":1,"minecraft:stone_axe":1,"jujutsucraft:clothes_jogo_chestplate":3,"jujutsucraft:clothes_nanami_leggings":1}},"DataVersion":3465}