{"stats":{"minecraft:used":{"minecraft:pig_spawn_egg":25,"epicfight:skillbook":21,"jujutsucraft:sukuna_finger":24},"minecraft:custom":{"minecraft:jump":74,"minecraft:time_since_rest":49959,"minecraft:sprint_one_cm":10914,"minecraft:crouch_one_cm":443,"minecraft:leave_game":2,"minecraft:play_time":49959,"minecraft:walk_on_water_one_cm":6999,"minecraft:time_since_death":49959,"minecraft:walk_one_cm":60987,"minecraft:sneak_time":225,"minecraft:total_world_time":49959,"minecraft:walk_under_water_one_cm":426,"minecraft:mob_kills":43,"minecraft:fly_one_cm":84053},"minecraft:picked_up":{"minecraft:porkchop":18},"minecraft:killed":{"minecraft:pig":30,"minecraft:squid":2,"minecraft:salmon":11}},"DataVersion":3465}