{"stats":{"minecraft:custom":{"minecraft:time_since_rest":27166,"minecraft:sprint_one_cm":57382,"minecraft:damage_taken":26,"minecraft:walk_one_cm":295274,"minecraft:mob_kills":106,"minecraft:drop":3,"minecraft:damage_dealt":613,"minecraft:swim_one_cm":402,"minecraft:fly_one_cm":386295,"minecraft:crouch_one_cm":2685,"minecraft:play_time":150733,"minecraft:deaths":1,"minecraft:sneak_time":1452,"minecraft:walk_under_water_one_cm":6160,"minecraft:jump":434,"minecraft:damage_dealt_resisted":24450,"minecraft:leave_game":3,"minecraft:time_since_death":27100,"minecraft:walk_on_water_one_cm":18495,"minecraft:total_world_time":150733,"minecraft:damage_resisted":104,"minecraft:fall_one_cm":33594},"minecraft:dropped":{"minecraft:mutton":4,"minecraft:brown_wool":1,"minecraft:white_wool":2},"minecraft:used":{"epicfight:skillbook":64,"minecraft:diorite":1,"minecraft:cow_spawn_egg":9,"minecraft:grass_block":1,"minecraft:pig_spawn_egg":27,"jujutsucraft:fushiguro_megumi_shibuya_spawn_egg":3,"jujutsucraftaddon:sword_jin_woo":2,"jujutsucraft:gojo_satoru_school_days_spawn_egg":2,"jujutsucraft:sukuna_finger":24,"jujutsucraft:sukuna_perfect_spawn_egg":3,"jujutsucraft:sukuna_spawn_egg":1,"minecraft:diorite_slab":1},"minecraft:killed":{"minecraft:sheep":8,"minecraft:wolf":5,"minecraft:pig":37,"minecraft:bee":7,"minecraft:chicken":5,"minecraft:salmon":11,"minecraft:villager":18,"minecraft:squid":2,"jujutsucraftaddon:shoko_ieri_school":1,"minecraft:cow":12},"minecraft:picked_up":{"minecraft:leather":5,"minecraft:brown_wool":1,"minecraft:porkchop":23,"minecraft:beef":6,"minecraft:mutton":4,"minecraft:white_wool":2}},"DataVersion":3465}