{"stats":{"minecraft:used":{"jujutsucraft:gojo_satoru_school_days_spawn_egg":2,"epicfight:skillbook":64,"minecraft:diorite":1,"minecraft:cow_spawn_egg":9,"jujutsucraft:sukuna_finger":24,"minecraft:grass_block":1,"minecraft:pig_spawn_egg":25,"jujutsucraft:fushiguro_megumi_shibuya_spawn_egg":3,"minecraft:diorite_slab":1},"minecraft:custom":{"minecraft:time_since_rest":103959,"minecraft:crouch_one_cm":1158,"minecraft:play_time":103959,"minecraft:sprint_one_cm":42762,"minecraft:walk_one_cm":171599,"minecraft:sneak_time":747,"minecraft:walk_under_water_one_cm":3549,"minecraft:mob_kills":52,"minecraft:jump":183,"minecraft:damage_dealt":300,"minecraft:leave_game":2,"minecraft:time_since_death":103959,"minecraft:walk_on_water_one_cm":9156,"minecraft:total_world_time":103959,"minecraft:swim_one_cm":402,"minecraft:fall_one_cm":18601,"minecraft:fly_one_cm":151769},"minecraft:picked_up":{"minecraft:leather":5,"minecraft:beef":6,"minecraft:porkchop":18},"minecraft:killed":{"minecraft:pig":30,"minecraft:squid":2,"jujutsucraftaddon:shoko_ieri_school":1,"minecraft:cow":8,"minecraft:salmon":11}},"DataVersion":3465}