{"stats":{"minecraft:used":{"minecraft:pig_spawn_egg":25,"epicfight:skillbook":59,"jujutsucraft:sukuna_finger":24,"minecraft:grass_block":1},"minecraft:custom":{"minecraft:jump":175,"minecraft:time_since_rest":79959,"minecraft:sprint_one_cm":39425,"minecraft:crouch_one_cm":1002,"minecraft:leave_game":2,"minecraft:play_time":79959,"minecraft:walk_on_water_one_cm":9156,"minecraft:time_since_death":79959,"minecraft:walk_one_cm":145382,"minecraft:sneak_time":480,"minecraft:total_world_time":79959,"minecraft:walk_under_water_one_cm":3549,"minecraft:mob_kills":43,"minecraft:swim_one_cm":402,"minecraft:fall_one_cm":18601,"minecraft:fly_one_cm":143222},"minecraft:picked_up":{"minecraft:porkchop":18},"minecraft:killed":{"minecraft:pig":30,"minecraft:squid":2,"minecraft:salmon":11}},"DataVersion":3465}