{"stats":{"minecraft:used":{"minecraft:pig_spawn_egg":25,"epicfight:skillbook":20},"minecraft:custom":{"minecraft:jump":50,"minecraft:time_since_rest":25959,"minecraft:crouch_one_cm":190,"minecraft:leave_game":2,"minecraft:play_time":25959,"minecraft:walk_on_water_one_cm":4205,"minecraft:time_since_death":25959,"minecraft:walk_one_cm":22376,"minecraft:sneak_time":156,"minecraft:total_world_time":25959,"minecraft:mob_kills":43,"minecraft:fly_one_cm":18840},"minecraft:picked_up":{"minecraft:porkchop":18},"minecraft:killed":{"minecraft:pig":30,"minecraft:squid":2,"minecraft:salmon":11}},"DataVersion":3465}