{"stats":{"minecraft:used":{"jujutsucraft:gojo_satoru_school_days_spawn_egg":2,"epicfight:skillbook":64,"minecraft:diorite":1,"minecraft:cow_spawn_egg":8,"jujutsucraft:sukuna_finger":24,"minecraft:grass_block":1,"minecraft:pig_spawn_egg":25,"jujutsucraft:fushiguro_megumi_shibuya_spawn_egg":2,"minecraft:diorite_slab":1},"minecraft:custom":{"minecraft:time_since_rest":91959,"minecraft:crouch_one_cm":1132,"minecraft:play_time":91959,"minecraft:sprint_one_cm":42762,"minecraft:walk_one_cm":163115,"minecraft:sneak_time":572,"minecraft:walk_under_water_one_cm":3549,"minecraft:mob_kills":50,"minecraft:jump":178,"minecraft:damage_dealt":300,"minecraft:leave_game":2,"minecraft:time_since_death":91959,"minecraft:walk_on_water_one_cm":9156,"minecraft:total_world_time":91959,"minecraft:swim_one_cm":402,"minecraft:fall_one_cm":18601,"minecraft:fly_one_cm":149915},"minecraft:picked_up":{"minecraft:leather":3,"minecraft:beef":5,"minecraft:porkchop":18},"minecraft:killed":{"minecraft:pig":30,"minecraft:squid":2,"minecraft:cow":7,"minecraft:salmon":11}},"DataVersion":3465}