{"stats":{"minecraft:custom":{"minecraft:time_since_rest":9297,"minecraft:sprint_one_cm":160749,"minecraft:damage_taken":1322,"minecraft:walk_one_cm":491240,"minecraft:mob_kills":178,"minecraft:drop":4,"minecraft:damage_dealt":613,"minecraft:swim_one_cm":402,"minecraft:fly_one_cm":762951,"minecraft:player_kills":4,"minecraft:crouch_one_cm":5699,"minecraft:play_time":202008,"minecraft:deaths":2,"minecraft:sneak_time":2613,"minecraft:walk_under_water_one_cm":15447,"minecraft:jump":717,"minecraft:damage_dealt_resisted":144679,"minecraft:leave_game":14,"minecraft:time_since_death":9268,"minecraft:walk_on_water_one_cm":45642,"minecraft:total_world_time":202008,"minecraft:damage_resisted":5254,"minecraft:fall_one_cm":90027},"minecraft:dropped":{"jujutsucraft:hiten":1,"minecraft:mutton":4,"minecraft:brown_wool":1,"minecraft:white_wool":2},"minecraft:used":{"minecraft:birch_door":2,"epicfight:skillbook":64,"minecraft:diorite":1,"minecraft:cow_spawn_egg":49,"minecraft:grass_block":1,"minecraft:pig_spawn_egg":27,"jujutsucraft:fushiguro_megumi_shibuya_spawn_egg":3,"minecraft:oak_door":22,"jujutsucraftaddon:sword_jin_woo":2,"jujutsucraft:gojo_satoru_school_days_spawn_egg":2,"jujutsucraft:sukuna_perfect_spawn_egg":3,"jujutsucraft:sukuna_finger":30,"jujutsucraft:gojo_satoru_spawn_egg":1,"jujutsucraft:sukuna_spawn_egg":1,"minecraft:diorite_slab":1},"minecraft:killed":{"minecraft:sheep":8,"minecraft:wolf":5,"minecraft:zombie":1,"minecraft:pig":37,"minecraft:bee":7,"jujutsucraft:nue":1,"jujutsucraft:max_elephant":1,"minecraft:chicken":5,"jujutsucraft:divine_dog_black":2,"minecraft:salmon":15,"jujutsucraftaddon:sukuna_r":3,"jujutsucraft:round_deer":1,"minecraft:villager":18,"jujutsucraft:divine_dog_white":1,"minecraft:squid":3,"jujutsucraftaddon:shoko_ieri_school":1,"minecraft:cow":65},"minecraft:picked_up":{"minecraft:scaffolding":2,"minecraft:oak_door":1,"minecraft:brown_wool":1,"minecraft:leather":32,"minecraft:oak_pressure_plate":13,"minecraft:porkchop":23,"jujutsucraftaddon:random_ct_changer":1,"jujutsucraft:hiten":1,"minecraft:spruce_door":7,"jujutsucraft:sword_ogi":1,"minecraft:oak_sign":5,"minecraft:lever":7,"minecraft:beef":49,"minecraft:mutton":4,"minecraft:white_wool":2}},"DataVersion":3465}