{"stats":{"minecraft:custom":{"minecraft:time_since_rest":114733,"minecraft:crouch_one_cm":1267,"minecraft:sprint_one_cm":43648,"minecraft:play_time":114733,"minecraft:walk_one_cm":200581,"minecraft:sneak_time":853,"minecraft:walk_under_water_one_cm":4107,"minecraft:mob_kills":53,"minecraft:jump":234,"minecraft:damage_dealt":400,"minecraft:leave_game":3,"minecraft:walk_on_water_one_cm":11076,"minecraft:time_since_death":114733,"minecraft:total_world_time":114733,"minecraft:swim_one_cm":402,"minecraft:fall_one_cm":18601,"minecraft:fly_one_cm":170774},"minecraft:used":{"jujutsucraftaddon:sword_jin_woo":1,"epicfight:skillbook":64,"jujutsucraft:gojo_satoru_school_days_spawn_egg":2,"minecraft:diorite":1,"minecraft:cow_spawn_egg":9,"jujutsucraft:sukuna_finger":24,"minecraft:grass_block":1,"minecraft:pig_spawn_egg":27,"minecraft:diorite_slab":1,"jujutsucraft:fushiguro_megumi_shibuya_spawn_egg":3},"minecraft:killed":{"minecraft:pig":31,"minecraft:squid":2,"jujutsucraftaddon:shoko_ieri_school":1,"minecraft:cow":8,"minecraft:salmon":11},"minecraft:picked_up":{"minecraft:leather":5,"minecraft:beef":6,"minecraft:porkchop":21}},"DataVersion":3465}