{"stats":{"minecraft:custom":{"minecraft:time_since_rest":22,"minecraft:sprint_one_cm":160613,"minecraft:damage_taken":138,"minecraft:walk_one_cm":430029,"minecraft:mob_kills":141,"minecraft:drop":4,"minecraft:damage_dealt":613,"minecraft:swim_one_cm":402,"minecraft:fly_one_cm":672279,"minecraft:player_kills":4,"minecraft:crouch_one_cm":5634,"minecraft:play_time":192733,"minecraft:deaths":2,"minecraft:sneak_time":2413,"minecraft:walk_under_water_one_cm":14627,"minecraft:jump":662,"minecraft:damage_dealt_resisted":135591,"minecraft:leave_game":3,"minecraft:time_since_death":0,"minecraft:walk_on_water_one_cm":42758,"minecraft:total_world_time":192733,"minecraft:damage_resisted":546,"minecraft:fall_one_cm":86841},"minecraft:dropped":{"jujutsucraft:hiten":1,"minecraft:mutton":4,"minecraft:brown_wool":1,"minecraft:white_wool":2},"minecraft:used":{"minecraft:birch_door":2,"epicfight:skillbook":64,"minecraft:diorite":1,"minecraft:cow_spawn_egg":29,"minecraft:grass_block":1,"minecraft:pig_spawn_egg":27,"jujutsucraft:fushiguro_megumi_shibuya_spawn_egg":3,"minecraft:oak_door":22,"jujutsucraftaddon:sword_jin_woo":2,"jujutsucraft:gojo_satoru_school_days_spawn_egg":2,"jujutsucraft:sukuna_finger":24,"jujutsucraft:sukuna_perfect_spawn_egg":3,"jujutsucraft:sukuna_spawn_egg":1,"minecraft:diorite_slab":1},"minecraft:killed":{"minecraft:sheep":8,"minecraft:wolf":5,"minecraft:pig":37,"minecraft:bee":7,"jujutsucraft:nue":1,"minecraft:chicken":5,"jujutsucraft:divine_dog_black":2,"minecraft:salmon":11,"jujutsucraftaddon:sukuna_r":3,"minecraft:villager":18,"jujutsucraft:divine_dog_white":1,"minecraft:squid":2,"jujutsucraftaddon:shoko_ieri_school":1,"minecraft:cow":40},"minecraft:picked_up":{"minecraft:scaffolding":2,"minecraft:oak_door":1,"minecraft:leather":26,"minecraft:brown_wool":1,"minecraft:oak_pressure_plate":13,"minecraft:porkchop":23,"jujutsucraftaddon:random_ct_changer":1,"jujutsucraft:hiten":1,"minecraft:spruce_door":7,"jujutsucraft:sword_ogi":1,"minecraft:oak_sign":5,"minecraft:lever":7,"minecraft:beef":43,"minecraft:mutton":4,"minecraft:white_wool":2}},"DataVersion":3465}