{"stats":{"minecraft:custom":{"minecraft:time_since_rest":15166,"minecraft:deaths":1,"minecraft:crouch_one_cm":2685,"minecraft:sprint_one_cm":44255,"minecraft:play_time":138733,"minecraft:damage_taken":26,"minecraft:walk_one_cm":244187,"minecraft:sneak_time":1438,"minecraft:walk_under_water_one_cm":4107,"minecraft:mob_kills":103,"minecraft:damage_dealt_resisted":24450,"minecraft:jump":334,"minecraft:damage_dealt":613,"minecraft:leave_game":3,"minecraft:walk_on_water_one_cm":15380,"minecraft:time_since_death":15100,"minecraft:total_world_time":138733,"minecraft:damage_resisted":104,"minecraft:swim_one_cm":402,"minecraft:fall_one_cm":20598,"minecraft:fly_one_cm":223995},"minecraft:used":{"jujutsucraft:sukuna_perfect_spawn_egg":3,"jujutsucraftaddon:sword_jin_woo":2,"epicfight:skillbook":64,"jujutsucraft:gojo_satoru_school_days_spawn_egg":2,"minecraft:diorite":1,"minecraft:cow_spawn_egg":9,"jujutsucraft:sukuna_finger":24,"minecraft:grass_block":1,"minecraft:pig_spawn_egg":27,"jujutsucraft:sukuna_spawn_egg":1,"minecraft:diorite_slab":1,"jujutsucraft:fushiguro_megumi_shibuya_spawn_egg":3},"minecraft:killed":{"minecraft:sheep":5,"minecraft:wolf":5,"minecraft:bee":7,"minecraft:pig":37,"minecraft:villager":18,"minecraft:chicken":5,"minecraft:squid":2,"jujutsucraftaddon:shoko_ieri_school":1,"minecraft:cow":12,"minecraft:salmon":11},"minecraft:picked_up":{"minecraft:leather":5,"minecraft:beef":6,"minecraft:porkchop":23}},"DataVersion":3465}