{"stats":{"minecraft:used":{"minecraft:pig_spawn_egg":25,"epicfight:skillbook":20},"minecraft:custom":{"minecraft:jump":61,"minecraft:time_since_rest":37959,"minecraft:sprint_one_cm":5288,"minecraft:crouch_one_cm":259,"minecraft:leave_game":2,"minecraft:play_time":37959,"minecraft:walk_on_water_one_cm":4514,"minecraft:time_since_death":37959,"minecraft:walk_one_cm":45847,"minecraft:sneak_time":186,"minecraft:total_world_time":37959,"minecraft:mob_kills":43,"minecraft:fly_one_cm":72954},"minecraft:picked_up":{"minecraft:porkchop":18},"minecraft:killed":{"minecraft:pig":30,"minecraft:squid":2,"minecraft:salmon":11}},"DataVersion":3465}