{"stats":{"minecraft:custom":{"minecraft:mob_kills":1280,"minecraft:damage_dealt_resisted":580119,"minecraft:leave_game":15,"minecraft:time_since_death":40484,"minecraft:damage_resisted":45604,"minecraft:time_since_rest":40513,"minecraft:sprint_one_cm":160821,"minecraft:damage_taken":11425,"minecraft:walk_one_cm":587868,"minecraft:drop":4,"minecraft:damage_dealt":6691,"minecraft:swim_one_cm":402,"minecraft:fly_one_cm":1045694,"minecraft:player_kills":5,"minecraft:play_time":233224,"minecraft:walk_under_water_one_cm":23815,"minecraft:crouch_one_cm":6056,"minecraft:sneak_time":2844,"minecraft:deaths":2,"minecraft:jump":920,"minecraft:walk_on_water_one_cm":69548,"minecraft:total_world_time":233224,"minecraft:fall_one_cm":109795},"minecraft:dropped":{"jujutsucraft:hiten":1,"minecraft:mutton":4,"minecraft:brown_wool":1,"minecraft:white_wool":2},"minecraft:used":{"minecraft:cow_spawn_egg":49,"minecraft:diorite":1,"epicfight:skillbook":64,"jujutsucraft:fushiguro_megumi_shibuya_spawn_egg":3,"minecraft:oak_door":22,"jujutsucraft:sukuna_perfect_spawn_egg":3,"jujutsucraft:sukuna_finger":30,"minecraft:birch_door":2,"minecraft:grass_block":1,"minecraft:pig_spawn_egg":27,"jujutsucraftaddon:sword_jin_woo":2,"jujutsucraft:gojo_satoru_school_days_spawn_egg":2,"jujutsucraft:gojo_satoru_spawn_egg":6,"jujutsucraft:sukuna_spawn_egg":1,"minecraft:diorite_slab":1},"minecraft:killed":{"jujutsucraft:cursed_spirit_grade_32":18,"jujutsucraft:dagon_2":1,"jujutsucraft:uraume":1,"jujutsucraft:eight_handled_swrod_divergent_sila_divine_general_mahoraga":2,"jujutsucraft:transfigured_human_3":3,"jujutsucraft:cursed_spirit_grade_210":2,"jujutsucraft:cursed_spirit_grade_21":1,"minecraft:wolf":6,"jujutsucraft:cursed_spirit_grade_33":7,"jujutsucraft:inumaki_toge":2,"jujutsucraft:dhruv_lakdawalla":1,"jujutsucraft:garuda":1,"minecraft:pig":47,"jujutsucraft:daido_hagane":1,"jujutsucraft:nue":1,"minecraft:witch":2,"jujutsucraft:dagon_1":1,"jujutsucraft:kukuru":5,"minecraft:zombie_villager":1,"jujutsucraft:cursed_spirit_grade_11":1,"jujutsucraft:charles_bernard":3,"jujutsucraft:max_elephant":2,"jujutsucraft:jujutsu_sorcerer":8,"jujutsucraft:yorozu":2,"jujutsucraft:truck":1,"jujutsucraft:zenin_naoya":1,"jujutsucraft:nishimiya_momo":2,"jujutsucraft:cursed_spirit_grade_12":2,"jujutsucraft:tsukumo_yuki":2,"minecraft:salmon":25,"jujutsucraft:itadori_yuji_shinjuku":1,"jujutsucraft:cursed_spirit_grade_24":4,"jujutsucraft:cursed_spirit_grade_213":2,"jujutsucraft:miguel":2,"minecraft:spider":60,"minecraft:bat":17,"jujutsucraft:cursed_spirit_grade_37":1,"jujutsucraft:cursed_spirit_grade_35":1,"jujutsucraft:round_deer":1,"jujutsucraft:yoshino_junpei":4,"jujutsucraft:zenin_maki":2,"jujutsucraft:cursed_spirit_grade_318":1,"jujutsucraft:cursed_spirit_grade_316":2,"jujutsucraft:curse_user_1":4,"jujutsucraft:hakari_kinji":2,"jujutsucraft:cursed_spirit_grade_26":1,"jujutsucraft:kumiya_juzo":2,"jujutsucraft:curse_user":5,"jujutsucraft:transfigured_human_2":8,"minecraft:squid":155,"jujutsucraft:cursed_spirit_grade_03":1,"minecraft:creeper":174,"jujutsucraft:divine_dog_white":1,"jujutsucraftaddon:shoko_ieri_school":1,"jujutsucraft:cursed_spirit_grade_321":13,"jujutsucraft:miwa_kasumi":1,"minecraft:sheep":17,"minecraft:skeleton":145,"jujutsucraft:panda_gorilla":1,"jujutsucraft:cursed_spirit_grade_29":6,"jujutsucraft:cursed_spirit_grade_28":1,"jujutsucraft:cursed_spirit_grade_39":15,"jujutsucraft:shigemo_haruta":1,"jujutsucraft:cursed_spirit_grade_314":18,"jujutsucraft:cursed_spirit_grade_312":1,"jujutsucraft:cursed_spirit_grade_313":4,"minecraft:zombie":122,"jujutsucraft:cursed_spirit_grade_14":3,"jujutsucraft:cursed_spirit_grade_215":2,"jujutsucraft:larue":1,"minecraft:bee":8,"jujutsucraft:cursed_spirit_grade_311":2,"jujutsucraft:cursed_spirit_grade_310":6,"minecraft:fox":3,"jujutsucraft:cursed_spirit_grade_15":2,"jujutsucraft:negi_toshihisa":1,"minecraft:chicken":22,"jujutsucraft:cursed_spirit_grade_16":1,"jujutsucraft:kechizu":4,"jujutsucraft:cursed_spirit_grade_17":1,"jujutsucraft:cursed_spirit_grade_18":1,"jujutsucraft:cursed_spirit_grade_19":3,"jujutsucraft:divine_dog_black":2,"jujutsucraft:rabbit_escape":20,"jujutsucraft:cursed_spirit_grade_36":11,"jujutsucraft:fushiguro_toji":1,"jujutsucraft:todo_aoi":2,"jujutsucraft:panda_normal":1,"jujutsucraft:rozetsu_shikigami":1,"jujutsucraft:gojo_satoru":1,"jujutsucraftaddon:sukuna_r":3,"jujutsucraft:cursed_spirit_grade_08":1,"jujutsucraft:cursed_spirit_grade_23":4,"minecraft:drowned":4,"jujutsucraft:cursed_spirit_grade_214":3,"jujutsucraft:cursed_spirit_grade_25":6,"jujutsucraft:itadori_yuji_shibuya":1,"jujutsucraft:moon_dregs":1,"jujutsucraft:cursed_spirit_grade_317":12,"jujutsucraft:cursed_spirit_grade_315":20,"jujutsucraft:cursed_spirit_grade_38":3,"jujutsucraft:cursed_spirit_grade_212":1,"jujutsucraft:cursed_spirit_grade_34":24,"jujutsucraft:cursed_spirit_grade_319":12,"jujutsucraft:cursed_spirit_grade_322":11,"jujutsucraft:hoshi_kirara":1,"jujutsucraft:cursed_spirit_grade_02":1,"jujutsucraft:geto_suguru_curse_user":1,"jujutsucraft:transfigured_human_1":2,"jujutsucraft:higuruma_hiromi":1,"jujutsucraft:nobara_kugisaki":2,"minecraft:villager":18,"jujutsucraft:kamo_noritoshi":1,"jujutsucraft:mei_mei":1,"jujutsucraft:q":6,"minecraft:enderman":4,"minecraft:cow":70,"jujutsucraft:fushiguro_megumi":1,"jujutsucraft:hazenoki":1,"jujutsucraft:ogami":2},"minecraft:picked_up":{"minecraft:leather":32,"minecraft:salmon":2,"minecraft:brown_wool":1,"minecraft:gunpowder":3,"jujutsucraft:sword_ogi":1,"minecraft:bone":3,"minecraft:oak_sign":5,"minecraft:wheat_seeds":1,"minecraft:beef":49,"minecraft:scaffolding":2,"minecraft:oak_door":1,"minecraft:oak_pressure_plate":13,"epicfight:skillbook":1,"minecraft:porkchop":23,"minecraft:ink_sac":7,"jujutsucraftaddon:random_ct_changer":1,"jujutsucraft:hiten":1,"minecraft:spruce_door":7,"minecraft:arrow":1,"minecraft:rotten_flesh":2,"minecraft:lever":7,"minecraft:mutton":4,"minecraft:white_wool":2}},"DataVersion":3465}