{"stats":{"minecraft:custom":{"minecraft:time_since_rest":21096,"minecraft:sprint_one_cm":333546,"minecraft:damage_taken":479,"minecraft:walk_one_cm":90776,"minecraft:drop":7,"minecraft:swim_one_cm":51997,"minecraft:interact_with_crafting_table":1,"minecraft:fly_one_cm":1673496,"minecraft:open_barrel":20,"minecraft:open_chest":8,"minecraft:crouch_one_cm":986,"minecraft:play_time":38706,"minecraft:deaths":1,"minecraft:sneak_time":164,"minecraft:walk_under_water_one_cm":39815,"minecraft:jump":319,"minecraft:damage_dealt_resisted":764,"minecraft:walk_on_water_one_cm":29931,"minecraft:time_since_death":21059,"minecraft:climb_one_cm":641,"minecraft:total_world_time":38706,"minecraft:damage_resisted":1916,"minecraft:fall_one_cm":38279},"minecraft:dropped":{"minecraft:filled_map":3,"minecraft:gravel":1,"jujutsucraft:item_master_simple_domain":1,"minecraft:wooden_shovel":2},"minecraft:used":{"jujutsucraft:naginata":1,"minecraft:wooden_shovel":32,"jujutsucraft:uniform_gojo_boots":1,"minecraft:crafting_table":1,"jujutsucraft:glasses_maki_leggings":1,"jujutsucraft:glasses_maki_chestplate":1},"minecraft:crafted":{"minecraft:wooden_shovel":2,"minecraft:crafting_table":1,"minecraft:spruce_planks":8,"minecraft:stick":4},"minecraft:mined":{"minecraft:spruce_log":2,"minecraft:dirt":1,"minecraft:gravel":1,"minecraft:sand":32,"minecraft:spruce_leaves":2},"minecraft:picked_up":{"minecraft:filled_map":1,"minecraft:gravel":1,"minecraft:porkchop":2,"minecraft:sand":27,"minecraft:ink_sac":30,"minecraft:spruce_log":2,"jujutsucraft:naginata":1}},"DataVersion":3465}