{"stats":{"minecraft:custom":{"minecraft:mob_kills":133,"minecraft:interact_with_crafting_table":1,"minecraft:tune_noteblock":1,"minecraft:open_barrel":133,"minecraft:interact_with_loom":2,"minecraft:damage_dealt_resisted":41430,"minecraft:time_since_death":26427,"minecraft:climb_one_cm":8755,"minecraft:damage_resisted":21629,"minecraft:time_since_rest":26483,"minecraft:sprint_one_cm":1122120,"minecraft:damage_absorbed":80,"minecraft:damage_taken":5337,"minecraft:walk_one_cm":517687,"minecraft:trigger_trapped_chest":8,"minecraft:drop":34,"minecraft:swim_one_cm":61067,"minecraft:fly_one_cm":2457692,"minecraft:open_chest":125,"minecraft:crouch_one_cm":1224,"minecraft:play_time":98706,"minecraft:deaths":2,"minecraft:sneak_time":167,"minecraft:walk_under_water_one_cm":49222,"minecraft:jump":784,"minecraft:interact_with_brewingstand":13,"minecraft:walk_on_water_one_cm":56457,"minecraft:total_world_time":98706,"minecraft:fall_one_cm":137400},"minecraft:dropped":{"minecraft:gravel":1,"minecraft:porkchop":2,"jujutsucraft:uniform_normal_leggings":1,"minecraft:ender_pearl":1,"jujutsucraft:item_master_simple_domain":1,"jujutsucraftaddon:random_ct_changer":1,"jujutsucraft:item_master_falling_blossom_emotion":1,"minecraft:rotten_flesh":30,"jujutsucraft:knife":1,"minecraft:salmon":7,"jujutsucraft:glasses_maki_chestplate":1,"jujutsucraft:uniform_normal_chestplate":1,"minecraft:filled_map":3,"minecraft:gunpowder":23,"minecraft:ink_sac":30,"jujutsucraft:item_master_domain_amplification":1,"minecraft:wooden_shovel":2,"jujutsucraft:mei_mei_axe":1,"minecraft:arrow":20,"minecraft:beef":3,"jujutsucraft:uniform_normal_boots":2,"minecraft:string":26,"minecraft:gold_ingot":4,"minecraft:bone":37,"minecraft:redstone":1},"minecraft:used":{"minecraft:redstone":1,"minecraft:oak_sign":1,"minecraft:ender_pearl":1,"minecraft:wooden_shovel":32,"minecraft:dark_oak_trapdoor":2,"jujutsucraft:cursed_spirit_armoury_chestplate":4,"jujutsucraft:uniform_gojo_boots":1,"jujutsucraft:sword_miwa_kasumi":1,"minecraft:crafting_table":1,"minecraft:totem_of_undying":1,"jujutsucraft:naginata":2,"jujutsucraft:fester_life_blade":1,"minecraft:barrel":4,"jujutsucraft:glasses_maki_leggings":1,"jujutsucraft:glasses_maki_chestplate":4},"minecraft:killed":{"jujutsucraft:cursed_spirit_grade_32":2,"jujutsucraft:cursed_spirit_grade_21":1,"jujutsucraft:cursed_spirit_grade_210":1,"jujutsucraft:cursed_spirit_grade_31":2,"jujutsucraft:cursed_spirit_grade_33":3,"jujutsucraft:jujutsu_sorcerer":1,"jujutsucraft:earthen_insect_trance":11,"minecraft:spider":2,"jujutsucraft:cursed_spirit_grade_318":3,"jujutsucraft:cursed_spirit_grade_316":1,"jujutsucraft:divine_dog_white":1,"jujutsucraft:cursed_spirit_grade_321":3,"minecraft:skeleton":3,"jujutsucraft:cursed_spirit_grade_28":1,"jujutsucraft:cursed_spirit_grade_39":6,"jujutsucraft:cursed_spirit_grade_314":1,"minecraft:zombie":8,"jujutsucraft:cockroaches":55,"jujutsucraft:cursed_spirit_grade_310":3,"jujutsucraft:cursed_spirit_grade_36":2,"jujutsucraft:eso":1,"jujutsucraft:cursed_spirit_grade_212":1,"jujutsucraft:cursed_spirit_grade_319":2,"jujutsucraft:takaba_fumihiko":1,"jujutsucraft:q":2},"minecraft:crafted":{"minecraft:wooden_shovel":2,"minecraft:crafting_table":1,"minecraft:spruce_planks":8,"minecraft:stick":4},"minecraft:killed_by":{"jujutsucraft:kashimo_hajime":1},"minecraft:broken":{"minecraft:iron_boots":1,"minecraft:golden_chestplate":1,"minecraft:golden_leggings":1},"minecraft:mined":{"minecraft:powder_snow":4,"minecraft:redstone_wire":2,"minecraft:spruce_leaves":2,"minecraft:dark_oak_slab":1,"minecraft:dark_oak_trapdoor":2,"minecraft:barrel":4,"minecraft:spruce_log":2,"minecraft:gravel":1,"minecraft:sand":32,"minecraft:dirt":1,"jujutsucraft:cursed_block":1},"minecraft:picked_up":{"jujutsucraft:slaughter_demon":1,"jujutsucraft:mahoraga_wheel_helmet":1,"jujutsucraft:g_staff":1,"minecraft:salmon":7,"jujutsucraft:uniform_normal_boots":1,"minecraft:filled_map":1,"minecraft:gunpowder":23,"minecraft:string":26,"minecraft:dark_oak_trapdoor":2,"minecraft:bone":37,"jujutsucraftaddon:jujutsu_coin":1,"minecraft:oak_sign":1,"jujutsucraft:sword_black":1,"jujutsucraft:mei_mei_axe":1,"minecraft:beef":3,"jujutsucraft:sword_miwa_kasumi":2,"minecraft:gravel":1,"minecraft:porkchop":2,"minecraft:sand":27,"minecraft:ink_sac":30,"jujutsucraft:cursed_spirit_armoury_chestplate":1,"minecraft:spruce_log":2,"minecraft:redstone":2,"minecraft:barrel":4,"minecraft:arrow":20,"jujutsucraft:naginata":1,"minecraft:rotten_flesh":30,"minecraft:ender_pearl":2}},"DataVersion":3465}