{"stats":{"minecraft:custom":{"minecraft:mob_kills":221,"minecraft:interact_with_crafting_table":1,"minecraft:open_barrel":145,"minecraft:damage_dealt_resisted":177644,"minecraft:leave_game":2,"minecraft:time_since_death":13330,"minecraft:climb_one_cm":9005,"minecraft:damage_resisted":209255,"minecraft:sprint_one_cm":2001333,"minecraft:walk_one_cm":1113993,"minecraft:drop":53,"minecraft:play_time":194413,"minecraft:deaths":27,"minecraft:sneak_time":309,"minecraft:walk_under_water_one_cm":61941,"minecraft:jump":1942,"minecraft:interact_with_brewingstand":13,"minecraft:walk_on_water_one_cm":119840,"minecraft:total_world_time":194413,"minecraft:tune_noteblock":1,"minecraft:interact_with_loom":2,"minecraft:time_since_rest":13360,"minecraft:damage_absorbed":280,"minecraft:damage_taken":53993,"minecraft:trigger_trapped_chest":11,"minecraft:swim_one_cm":90290,"minecraft:fly_one_cm":4364596,"minecraft:player_kills":3,"minecraft:open_chest":155,"minecraft:crouch_one_cm":1971,"minecraft:fall_one_cm":313681},"minecraft:dropped":{"minecraft:porkchop":5,"minecraft:ender_pearl":1,"jujutsucraftaddon:random_ct_changer":1,"minecraft:apple":7,"minecraft:spruce_door":1,"minecraft:golden_apple":3,"minecraft:ink_sac":30,"jujutsucraft:item_master_domain_amplification":1,"jujutsucraft:glasses_maki_leggings":2,"jujutsucraft:mei_mei_axe":1,"jujutsucraftaddon:cellphone":1,"minecraft:string":26,"minecraft:birch_log":7,"jujutsucraft:sukuna_finger":1,"minecraft:bone":37,"minecraft:gold_ingot":4,"minecraft:redstone":1,"minecraft:gravel":1,"jujutsucraft:uniform_gojo_boots":1,"jujutsucraft:uniform_normal_leggings":1,"jujutsucraft:item_master_simple_domain":1,"jujutsucraft:item_master_falling_blossom_emotion":1,"minecraft:rotten_flesh":31,"minecraft:oak_planks":4,"jujutsucraft:knife":1,"minecraft:salmon":9,"jujutsucraft:glasses_maki_chestplate":2,"jujutsucraft:uniform_normal_chestplate":1,"minecraft:filled_map":3,"jujutsucraft:clothes_fushiguro_toji_leggings":1,"minecraft:gunpowder":23,"minecraft:wooden_shovel":2,"minecraft:arrow":20,"minecraft:beef":3,"jujutsucraft:uniform_normal_boots":4,"epicfight:skillbook":1},"minecraft:used":{"minecraft:redstone":1,"minecraft:oak_sign":1,"minecraft:wooden_shovel":32,"jujutsucraft:sword_miwa_kasumi":1,"minecraft:golden_shovel":24,"minecraft:totem_of_undying":3,"minecraft:barrel":4,"jujutsucraft:glasses_maki_leggings":1,"jujutsucraft:glasses_maki_chestplate":4,"epicfight:skillbook":4,"minecraft:ender_pearl":1,"minecraft:golden_apple":1,"minecraft:dark_oak_trapdoor":2,"jujutsucraft:cursed_spirit_armoury_chestplate":4,"jujutsucraft:uniform_gojo_boots":1,"minecraft:crafting_table":1,"jujutsucraft:dragon_bone":3,"jujutsucraft:naginata":7,"jujutsucraft:fester_life_blade":1,"minecraft:experience_bottle":1},"minecraft:killed":{"jujutsucraft:cursed_spirit_grade_32":5,"jujutsucraft:transfigured_human_3":3,"jujutsucraft:cursed_spirit_grade_21":2,"jujutsucraft:cursed_spirit_grade_31":2,"jujutsucraft:cursed_spirit_grade_33":4,"jujutsucraft:earthen_insect_trance":17,"minecraft:spider":4,"jujutsucraft:cursed_spirit_grade_318":4,"jujutsucraft:cursed_spirit_grade_316":2,"jujutsucraftaddon:shoko_ieri_school":1,"jujutsucraft:cursed_spirit_grade_01":1,"jujutsucraft:cursed_spirit_grade_04":1,"minecraft:skeleton":5,"jujutsucraft:cursed_spirit_grade_39":6,"jujutsucraft:cursed_spirit_grade_215":3,"jujutsucraft:eso":1,"jujutsucraft:cursed_spirit_grade_317":3,"jujutsucraft:cursed_spirit_grade_38":3,"jujutsucraft:nobara_kugisaki":1,"jujutsucraft:ember_insect":2,"jujutsucraft:cursed_spirit_grade_210":1,"minecraft:pig":1,"jujutsucraft:kukuru":5,"jujutsucraft:jujutsu_sorcerer":1,"jujutsucraft:itadori_yuji_shinjuku":1,"jujutsucraft:awasaka_jiro":1,"jujutsucraft:cursed_spirit_grade_211":1,"jujutsucraft:curse_user":2,"minecraft:creeper":3,"jujutsucraft:divine_dog_white":1,"jujutsucraft:cursed_spirit_grade_321":3,"jujutsucraft:jogo":1,"jujutsucraft:cursed_spirit_grade_28":1,"jujutsucraft:cursed_spirit_grade_314":3,"minecraft:zombie":13,"jujutsucraft:crow":1,"jujutsucraft:cockroaches":64,"jujutsucraft:cursed_spirit_grade_311":1,"jujutsucraft:cursed_spirit_grade_310":3,"jujutsucraft:negi_toshihisa":1,"jujutsucraft:cursed_spirit_grade_13":1,"jujutsucraft:cursed_spirit_grade_36":3,"jujutsucraft:cursed_spirit_grade_212":1,"jujutsucraft:cursed_spirit_grade_319":5,"jujutsucraft:takaba_fumihiko":1,"jujutsucraft:kamo_noritoshi":1,"jujutsucraft:q":2},"minecraft:crafted":{"minecraft:oak_planks":4,"minecraft:wooden_shovel":2,"minecraft:crafting_table":1,"minecraft:spruce_planks":8,"minecraft:stick":4},"minecraft:killed_by":{"minecraft:player":12,"jujutsucraft:hakari_kinji":1,"jujutsucraft:kashimo_hajime":1,"jujutsucraft:fushiguro_toji_bug":8,"jujutsucraft:zenin_maki_culling_game":1},"minecraft:mined":{"minecraft:grass_block":2,"minecraft:redstone_wire":2,"minecraft:spruce_leaves":2,"minecraft:rooted_dirt":1,"minecraft:dark_oak_trapdoor":2,"minecraft:barrel":4,"minecraft:podzol":1,"minecraft:powder_snow":4,"minecraft:tall_grass":4,"minecraft:dark_oak_slab":1,"minecraft:birch_log":12,"minecraft:spruce_log":2,"minecraft:birch_leaves":2,"minecraft:grass":6,"minecraft:oak_log":1,"minecraft:gravel":1,"minecraft:sand":34,"minecraft:dirt":8,"jujutsucraft:cursed_block":1,"minecraft:suspicious_gravel":15},"minecraft:broken":{"minecraft:golden_boots":1,"minecraft:iron_boots":1,"minecraft:iron_leggings":1,"minecraft:golden_leggings":1,"minecraft:golden_chestplate":2},"minecraft:picked_up":{"jujutsucraft:slaughter_demon":1,"jujutsucraft:uniform_normal_boots":3,"jujutsucraft:cursed_technique_changer":1,"minecraft:string":36,"minecraft:dark_oak_trapdoor":2,"minecraft:item_frame":1,"minecraft:oak_sign":1,"jujutsucraft:sword_black":1,"minecraft:beef":3,"minecraft:spruce_pressure_plate":1,"jujutsucraft:playful_cloud":1,"jujutsucraft:glasses_maki_chestplate":1,"epicfight:skillbook":2,"minecraft:porkchop":5,"minecraft:redstone":2,"minecraft:light_gray_banner":2,"minecraft:arrow":30,"minecraft:rotten_flesh":41,"jujutsucraft:naginata":2,"minecraft:birch_log":13,"jujutsucraft:g_staff":1,"jujutsucraft:mahoraga_wheel_helmet":1,"minecraft:tripwire_hook":1,"minecraft:salmon":9,"minecraft:red_mushroom":3,"minecraft:filled_map":1,"jujutsucraft:sukuna_finger":1,"jujutsucraft:sword_kusakabe":1,"minecraft:oak_log":1,"minecraft:gunpowder":37,"jujutsucraft:fester_life_blade":1,"minecraft:bone":43,"jujutsucraftaddon:jujutsu_coin":1,"jujutsucraft:knife":1,"minecraft:bow":1,"jujutsucraft:mei_mei_axe":1,"minecraft:dark_oak_sign":1,"jujutsucraft:sword_miwa_kasumi":2,"minecraft:oak_pressure_plate":1,"jujutsucraft:glasses_maki_leggings":1,"minecraft:gravel":1,"minecraft:sand":27,"minecraft:ink_sac":30,"jujutsucraft:cursed_spirit_armoury_chestplate":1,"minecraft:spruce_log":2,"minecraft:barrel":4,"minecraft:spruce_door":1,"minecraft:spider_eye":1,"minecraft:gray_banner":2,"minecraft:light_gray_carpet":3,"minecraft:ender_pearl":2}},"DataVersion":3465}