{"stats":{"minecraft:custom":{"minecraft:time_since_rest":45096,"minecraft:sprint_one_cm":681287,"minecraft:damage_taken":561,"minecraft:walk_one_cm":266425,"minecraft:trigger_trapped_chest":8,"minecraft:drop":9,"minecraft:tune_noteblock":1,"minecraft:swim_one_cm":52725,"minecraft:interact_with_crafting_table":1,"minecraft:fly_one_cm":1804102,"minecraft:open_barrel":60,"minecraft:open_chest":76,"minecraft:crouch_one_cm":986,"minecraft:interact_with_loom":2,"minecraft:play_time":62706,"minecraft:deaths":1,"minecraft:sneak_time":164,"minecraft:walk_under_water_one_cm":41895,"minecraft:jump":430,"minecraft:damage_dealt_resisted":764,"minecraft:interact_with_brewingstand":13,"minecraft:walk_on_water_one_cm":31914,"minecraft:time_since_death":45059,"minecraft:climb_one_cm":6330,"minecraft:total_world_time":62706,"minecraft:damage_resisted":2244,"minecraft:fall_one_cm":59155},"minecraft:dropped":{"minecraft:filled_map":3,"minecraft:gravel":1,"jujutsucraft:item_master_domain_amplification":1,"jujutsucraft:item_master_falling_blossom_emotion":1,"jujutsucraft:item_master_simple_domain":1,"minecraft:wooden_shovel":2},"minecraft:used":{"minecraft:redstone":1,"minecraft:oak_sign":1,"jujutsucraft:naginata":1,"minecraft:wooden_shovel":32,"minecraft:barrel":4,"jujutsucraft:cursed_spirit_armoury_chestplate":4,"minecraft:dark_oak_trapdoor":2,"jujutsucraft:uniform_gojo_boots":1,"minecraft:crafting_table":1,"jujutsucraft:sword_miwa_kasumi":1,"jujutsucraft:glasses_maki_leggings":1,"jujutsucraft:glasses_maki_chestplate":4},"minecraft:crafted":{"minecraft:wooden_shovel":2,"minecraft:crafting_table":1,"minecraft:spruce_planks":8,"minecraft:stick":4},"minecraft:mined":{"minecraft:dark_oak_slab":1,"minecraft:dark_oak_trapdoor":2,"minecraft:barrel":4,"minecraft:spruce_log":2,"minecraft:powder_snow":4,"minecraft:redstone_wire":2,"minecraft:dirt":1,"minecraft:gravel":1,"minecraft:sand":32,"minecraft:spruce_leaves":2},"minecraft:picked_up":{"jujutsucraft:slaughter_demon":1,"jujutsucraft:g_staff":1,"jujutsucraft:mahoraga_wheel_helmet":1,"minecraft:filled_map":1,"minecraft:gravel":1,"minecraft:porkchop":2,"minecraft:sand":27,"minecraft:ink_sac":30,"jujutsucraft:cursed_spirit_armoury_chestplate":1,"minecraft:spruce_log":2,"minecraft:redstone":2,"minecraft:barrel":4,"minecraft:dark_oak_trapdoor":2,"jujutsucraft:naginata":1,"minecraft:oak_sign":1,"jujutsucraft:mei_mei_axe":1,"jujutsucraft:sword_miwa_kasumi":2}},"DataVersion":3465}