{"stats":{"minecraft:custom":{"minecraft:mob_kills":174,"minecraft:interact_with_crafting_table":1,"minecraft:tune_noteblock":1,"minecraft:open_barrel":134,"minecraft:interact_with_loom":2,"minecraft:damage_dealt_resisted":112657,"minecraft:time_since_death":2014,"minecraft:climb_one_cm":8755,"minecraft:damage_resisted":95145,"minecraft:time_since_rest":2040,"minecraft:sprint_one_cm":1543959,"minecraft:damage_absorbed":280,"minecraft:damage_taken":23374,"minecraft:walk_one_cm":825205,"minecraft:trigger_trapped_chest":11,"minecraft:drop":41,"minecraft:swim_one_cm":61153,"minecraft:fly_one_cm":3102564,"minecraft:open_chest":149,"minecraft:crouch_one_cm":1361,"minecraft:play_time":134706,"minecraft:deaths":12,"minecraft:sneak_time":182,"minecraft:walk_under_water_one_cm":49351,"minecraft:jump":1231,"minecraft:interact_with_brewingstand":13,"minecraft:walk_on_water_one_cm":62292,"minecraft:total_world_time":134706,"minecraft:fall_one_cm":182672},"minecraft:dropped":{"minecraft:gravel":1,"minecraft:porkchop":5,"jujutsucraft:uniform_normal_leggings":1,"minecraft:ender_pearl":1,"jujutsucraft:item_master_simple_domain":1,"jujutsucraftaddon:random_ct_changer":1,"jujutsucraft:item_master_falling_blossom_emotion":1,"minecraft:rotten_flesh":30,"minecraft:apple":7,"jujutsucraft:knife":1,"minecraft:salmon":7,"jujutsucraft:glasses_maki_chestplate":1,"jujutsucraft:uniform_normal_chestplate":1,"minecraft:golden_apple":3,"minecraft:filled_map":3,"minecraft:gunpowder":23,"minecraft:ink_sac":30,"jujutsucraft:item_master_domain_amplification":1,"minecraft:wooden_shovel":2,"jujutsucraft:glasses_maki_leggings":1,"jujutsucraft:mei_mei_axe":1,"minecraft:arrow":20,"minecraft:beef":3,"jujutsucraft:uniform_normal_boots":4,"minecraft:string":26,"epicfight:skillbook":1,"minecraft:gold_ingot":4,"minecraft:bone":37,"minecraft:redstone":1},"minecraft:used":{"epicfight:skillbook":3,"minecraft:redstone":1,"minecraft:oak_sign":1,"minecraft:ender_pearl":1,"minecraft:wooden_shovel":32,"minecraft:golden_apple":1,"minecraft:dark_oak_trapdoor":2,"jujutsucraft:cursed_spirit_armoury_chestplate":4,"jujutsucraft:uniform_gojo_boots":1,"jujutsucraft:sword_miwa_kasumi":1,"minecraft:crafting_table":1,"minecraft:totem_of_undying":3,"jujutsucraft:naginata":2,"jujutsucraft:fester_life_blade":1,"minecraft:barrel":4,"jujutsucraft:glasses_maki_leggings":1,"minecraft:experience_bottle":1,"jujutsucraft:glasses_maki_chestplate":4},"minecraft:killed":{"jujutsucraft:cursed_spirit_grade_32":4,"jujutsucraft:transfigured_human_3":3,"jujutsucraft:cursed_spirit_grade_21":2,"jujutsucraft:cursed_spirit_grade_210":1,"jujutsucraft:cursed_spirit_grade_31":2,"jujutsucraft:cursed_spirit_grade_33":3,"minecraft:pig":1,"jujutsucraft:kukuru":2,"jujutsucraft:jujutsu_sorcerer":1,"jujutsucraft:itadori_yuji_shinjuku":1,"jujutsucraft:earthen_insect_trance":11,"jujutsucraft:awasaka_jiro":1,"minecraft:spider":4,"jujutsucraft:cursed_spirit_grade_318":3,"jujutsucraft:cursed_spirit_grade_211":1,"jujutsucraft:cursed_spirit_grade_316":1,"jujutsucraft:curse_user":2,"minecraft:creeper":2,"jujutsucraft:divine_dog_white":1,"jujutsucraft:cursed_spirit_grade_321":3,"minecraft:skeleton":5,"jujutsucraft:cursed_spirit_grade_28":1,"jujutsucraft:cursed_spirit_grade_39":6,"jujutsucraft:cursed_spirit_grade_314":1,"jujutsucraft:cursed_spirit_grade_215":2,"jujutsucraft:crow":1,"minecraft:zombie":12,"jujutsucraft:cockroaches":55,"jujutsucraft:cursed_spirit_grade_310":3,"jujutsucraft:cursed_spirit_grade_13":1,"jujutsucraft:cursed_spirit_grade_36":2,"jujutsucraft:eso":1,"jujutsucraft:cursed_spirit_grade_317":2,"jujutsucraft:cursed_spirit_grade_38":3,"jujutsucraft:cursed_spirit_grade_212":1,"jujutsucraft:cursed_spirit_grade_319":4,"jujutsucraft:takaba_fumihiko":1,"jujutsucraft:nobara_kugisaki":1,"jujutsucraft:q":2},"minecraft:crafted":{"minecraft:wooden_shovel":2,"minecraft:crafting_table":1,"minecraft:spruce_planks":8,"minecraft:stick":4},"minecraft:killed_by":{"jujutsucraft:hakari_kinji":1,"jujutsucraft:kashimo_hajime":1,"jujutsucraft:fushiguro_toji_bug":8},"minecraft:broken":{"minecraft:golden_boots":1,"minecraft:iron_boots":1,"minecraft:iron_leggings":1,"minecraft:golden_chestplate":2,"minecraft:golden_leggings":1},"minecraft:mined":{"minecraft:powder_snow":4,"minecraft:grass_block":2,"minecraft:redstone_wire":2,"minecraft:spruce_leaves":2,"minecraft:dark_oak_slab":1,"minecraft:dark_oak_trapdoor":2,"minecraft:barrel":4,"minecraft:spruce_log":2,"minecraft:grass":1,"minecraft:gravel":1,"minecraft:sand":32,"minecraft:dirt":2,"jujutsucraft:cursed_block":1},"minecraft:picked_up":{"minecraft:tripwire_hook":1,"jujutsucraft:slaughter_demon":1,"jujutsucraft:mahoraga_wheel_helmet":1,"jujutsucraft:g_staff":1,"minecraft:salmon":9,"jujutsucraft:uniform_normal_boots":3,"minecraft:red_mushroom":3,"minecraft:filled_map":1,"minecraft:gunpowder":30,"minecraft:string":33,"minecraft:dark_oak_trapdoor":2,"minecraft:item_frame":1,"minecraft:bone":43,"jujutsucraftaddon:jujutsu_coin":1,"minecraft:oak_sign":1,"minecraft:bow":1,"jujutsucraft:sword_black":1,"jujutsucraft:mei_mei_axe":1,"minecraft:beef":3,"minecraft:dark_oak_sign":1,"jujutsucraft:sword_miwa_kasumi":2,"minecraft:spruce_pressure_plate":1,"minecraft:oak_pressure_plate":1,"epicfight:skillbook":1,"minecraft:gravel":1,"minecraft:porkchop":5,"minecraft:sand":27,"minecraft:ink_sac":30,"jujutsucraft:cursed_spirit_armoury_chestplate":1,"minecraft:spruce_log":2,"minecraft:light_gray_banner":1,"minecraft:redstone":2,"minecraft:spider_eye":1,"minecraft:barrel":4,"minecraft:arrow":30,"jujutsucraft:naginata":2,"minecraft:rotten_flesh":37,"minecraft:gray_banner":1,"minecraft:light_gray_carpet":2,"minecraft:ender_pearl":2}},"DataVersion":3465}