{"stats":{"minecraft:custom":{"minecraft:open_barrel":18,"minecraft:open_chest":8,"minecraft:time_since_rest":9096,"minecraft:crouch_one_cm":986,"minecraft:play_time":26706,"minecraft:sprint_one_cm":282302,"minecraft:deaths":1,"minecraft:damage_taken":181,"minecraft:walk_one_cm":76602,"minecraft:sneak_time":144,"minecraft:walk_under_water_one_cm":8220,"minecraft:drop":1,"minecraft:damage_dealt_resisted":764,"minecraft:jump":257,"minecraft:time_since_death":9059,"minecraft:walk_on_water_one_cm":20878,"minecraft:total_world_time":26706,"minecraft:climb_one_cm":641,"minecraft:damage_resisted":724,"minecraft:swim_one_cm":26400,"minecraft:fall_one_cm":28506,"minecraft:fly_one_cm":1181965},"minecraft:dropped":{"jujutsucraft:item_master_simple_domain":1},"minecraft:used":{"jujutsucraft:uniform_gojo_boots":1,"jujutsucraft:glasses_maki_leggings":1,"jujutsucraft:glasses_maki_chestplate":1,"jujutsucraft:naginata":1},"minecraft:mined":{"minecraft:dirt":1,"minecraft:spruce_leaves":2},"minecraft:picked_up":{"jujutsucraft:naginata":1,"minecraft:porkchop":2,"minecraft:ink_sac":30}},"DataVersion":3465}