{"stats":{"minecraft:custom":{"minecraft:time_since_rest":33096,"minecraft:sprint_one_cm":551129,"minecraft:damage_taken":517,"minecraft:walk_one_cm":215881,"minecraft:trigger_trapped_chest":5,"minecraft:drop":7,"minecraft:tune_noteblock":1,"minecraft:swim_one_cm":52725,"minecraft:interact_with_crafting_table":1,"minecraft:fly_one_cm":1753316,"minecraft:open_barrel":22,"minecraft:open_chest":44,"minecraft:crouch_one_cm":986,"minecraft:play_time":50706,"minecraft:deaths":1,"minecraft:sneak_time":164,"minecraft:walk_under_water_one_cm":41895,"minecraft:jump":383,"minecraft:damage_dealt_resisted":764,"minecraft:interact_with_brewingstand":7,"minecraft:walk_on_water_one_cm":30667,"minecraft:time_since_death":33059,"minecraft:climb_one_cm":5093,"minecraft:total_world_time":50706,"minecraft:damage_resisted":2068,"minecraft:fall_one_cm":51917},"minecraft:dropped":{"minecraft:filled_map":3,"minecraft:gravel":1,"jujutsucraft:item_master_simple_domain":1,"minecraft:wooden_shovel":2},"minecraft:used":{"minecraft:redstone":1,"jujutsucraft:naginata":1,"minecraft:wooden_shovel":32,"minecraft:dark_oak_trapdoor":2,"jujutsucraft:uniform_gojo_boots":1,"minecraft:crafting_table":1,"jujutsucraft:glasses_maki_leggings":1,"jujutsucraft:glasses_maki_chestplate":1},"minecraft:crafted":{"minecraft:wooden_shovel":2,"minecraft:crafting_table":1,"minecraft:spruce_planks":8,"minecraft:stick":4},"minecraft:picked_up":{"minecraft:filled_map":1,"minecraft:gravel":1,"minecraft:porkchop":2,"minecraft:sand":27,"minecraft:ink_sac":30,"minecraft:spruce_log":2,"minecraft:redstone":1,"minecraft:dark_oak_trapdoor":2,"jujutsucraft:naginata":1},"minecraft:mined":{"minecraft:dark_oak_slab":1,"minecraft:dark_oak_trapdoor":2,"minecraft:spruce_log":2,"minecraft:redstone_wire":1,"minecraft:dirt":1,"minecraft:gravel":1,"minecraft:sand":32,"minecraft:spruce_leaves":2}},"DataVersion":3465}