{"stats":{"minecraft:custom":{"minecraft:open_barrel":18,"minecraft:open_chest":4,"minecraft:time_since_rest":14706,"minecraft:crouch_one_cm":763,"minecraft:play_time":14706,"minecraft:sprint_one_cm":196036,"minecraft:damage_taken":171,"minecraft:walk_one_cm":58921,"minecraft:sneak_time":95,"minecraft:walk_under_water_one_cm":4095,"minecraft:drop":1,"minecraft:damage_dealt_resisted":764,"minecraft:jump":185,"minecraft:time_since_death":14706,"minecraft:walk_on_water_one_cm":16599,"minecraft:total_world_time":14706,"minecraft:climb_one_cm":641,"minecraft:damage_resisted":684,"minecraft:swim_one_cm":4907,"minecraft:fall_one_cm":22224,"minecraft:fly_one_cm":705842},"minecraft:dropped":{"jujutsucraft:item_master_simple_domain":1},"minecraft:used":{"jujutsucraft:uniform_gojo_boots":1,"jujutsucraft:glasses_maki_leggings":1,"jujutsucraft:glasses_maki_chestplate":1,"jujutsucraft:naginata":1},"minecraft:mined":{"minecraft:spruce_leaves":2},"minecraft:picked_up":{"jujutsucraft:naginata":1,"minecraft:porkchop":2,"minecraft:ink_sac":30}},"DataVersion":3465}