{"stats":{"minecraft:custom":{"minecraft:time_since_rest":39690,"minecraft:sprint_one_cm":519853,"minecraft:damage_taken":12415,"minecraft:walk_one_cm":216760,"minecraft:mob_kills":39,"minecraft:drop":6,"minecraft:interact_with_crafting_table":2,"minecraft:swim_one_cm":53279,"minecraft:fly_one_cm":798414,"minecraft:open_barrel":21,"minecraft:open_chest":114,"minecraft:crouch_one_cm":18293,"minecraft:play_time":170821,"minecraft:deaths":14,"minecraft:sneak_time":6334,"minecraft:walk_under_water_one_cm":6399,"minecraft:interact_with_lectern":1,"minecraft:jump":2159,"minecraft:damage_dealt_resisted":12914,"minecraft:leave_game":32,"minecraft:time_since_death":39633,"minecraft:walk_on_water_one_cm":10913,"minecraft:total_world_time":170821,"minecraft:climb_one_cm":4646,"minecraft:damage_resisted":88,"minecraft:fall_one_cm":59528},"minecraft:dropped":{"minecraft:porkchop":2,"jujutsucraft:sword_ogi":1,"jujutsucraftaddon:random_ct_changer":1,"jujutsucraft:naginata":1,"jujutsucraft:clothes_nanami_leggings":1},"minecraft:used":{"jujutsucraft:mei_mei_axe":7,"minecraft:dark_oak_planks":8,"minecraft:oak_planks":2,"minecraft:dark_oak_wood":2,"minecraft:spruce_planks":9,"minecraft:wooden_pickaxe":104,"jujutsucraft:nyoi_staff":3,"minecraft:dirt":5,"minecraft:cobblestone":26,"minecraft:crafting_table":2},"minecraft:killed":{"minecraft:sheep":1,"jujutsucraft:cursed_spirit_grade_33":1,"minecraft:pig":2,"jujutsucraft:nue":2,"minecraft:chicken":1,"jujutsucraft:divine_dog_black":2,"jujutsucraft:rabbit_escape":19,"jujutsucraft:round_deer":1,"minecraft:villager":1,"jujutsucraft:divine_dog_white":3,"jujutsucraft:cursed_spirit_grade_321":1,"minecraft:cow":3},"minecraft:crafted":{"minecraft:crafting_table":2,"minecraft:spruce_planks":24,"minecraft:stick":4,"minecraft:wooden_pickaxe":2,"minecraft:dark_oak_planks":6},"minecraft:killed_by":{"minecraft:player":9,"jujutsucraft:zenin_jinichi":1,"jujutsucraft:curse_user":1,"jujutsucraft:nanako":1},"minecraft:broken":{"minecraft:wooden_pickaxe":1},"minecraft:picked_up":{"minecraft:crafting_table":1,"jujutsucraft:item_master_simple_domain":1,"minecraft:porkchop":2,"jujutsucraft:uniform_gojo_chestplate":1,"minecraft:spruce_log":6,"minecraft:dirt":34,"jujutsucraft:bullet_ball":1,"jujutsucraft:sunglasses_helmet":1,"minecraft:item_frame":2,"minecraft:arrow":1,"minecraft:bone":3,"minecraft:spruce_planks":7,"jujutsucraft:clothes_nanami_leggings":1,"minecraft:dark_oak_wood":4,"minecraft:oak_planks":2,"minecraft:cobblestone":96},"minecraft:mined":{"minecraft:large_fern":1,"minecraft:spruce_planks":7,"minecraft:spruce_log":6,"minecraft:crafting_table":1,"minecraft:dark_oak_wood":4,"minecraft:grass_block":5,"minecraft:vine":1,"minecraft:dirt":29,"minecraft:cobblestone":3,"minecraft:spruce_leaves":8,"minecraft:stone":93,"jujutsucraft:cursed_block":1,"minecraft:oak_planks":2}},"DataVersion":3465}