{"stats":{"minecraft:custom":{"minecraft:mob_kills":51,"minecraft:inspect_hopper":4,"minecraft:interact_with_crafting_table":4,"minecraft:open_barrel":46,"minecraft:damage_dealt_resisted":15046,"minecraft:leave_game":34,"minecraft:time_since_death":1010,"minecraft:climb_one_cm":9377,"minecraft:damage_resisted":1014,"minecraft:time_since_rest":1095,"minecraft:sprint_one_cm":964944,"minecraft:damage_taken":14683,"minecraft:walk_one_cm":334402,"minecraft:trigger_trapped_chest":6,"minecraft:drop":26,"minecraft:damage_dealt":125,"minecraft:swim_one_cm":107057,"minecraft:fly_one_cm":1376017,"minecraft:open_chest":192,"minecraft:crouch_one_cm":19245,"minecraft:play_time":241224,"minecraft:deaths":17,"minecraft:sneak_time":6953,"minecraft:walk_under_water_one_cm":14674,"minecraft:boat_one_cm":184614,"minecraft:interact_with_lectern":1,"minecraft:jump":3826,"minecraft:interact_with_brewingstand":12,"minecraft:interact_with_blast_furnace":3,"minecraft:walk_on_water_one_cm":30807,"minecraft:total_world_time":241224,"minecraft:fall_one_cm":111383,"minecraft:inspect_dispenser":5},"minecraft:dropped":{"minecraft:porkchop":2,"minecraft:wheat_seeds":1,"jujutsucraft:sword_miwa_kasumi":1,"jujutsucraftaddon:random_ct_changer":1,"minecraft:cobblestone":64,"minecraft:white_carpet":6,"minecraft:rotten_flesh":4,"jujutsucraft:naginata":1,"jujutsucraft:clothes_nanami_leggings":1,"minecraft:oak_sign":2,"jujutsucraft:slaughter_demon":1,"minecraft:gunpowder":3,"minecraft:diorite":4,"minecraft:spruce_planks":1,"jujutsucraft:sword_ogi":1,"minecraft:white_concrete":1,"minecraft:iron_door":1,"jujutsucraft:mei_mei_axe":1,"minecraft:arrow":3,"minecraft:bone":2,"jujutsucraft:g_staff":1,"jujutsucraft:uniform_gojo_chestplate":1},"minecraft:used":{"jujutsucraft:mei_mei_axe":7,"jujutsucraft:sword_black":3,"epicfight:skillbook":3,"minecraft:oak_planks":2,"minecraft:spruce_planks":9,"minecraft:wooden_pickaxe":119,"jujutsucraft:nyoi_staff":4,"minecraft:dirt":5,"minecraft:crafting_table":3,"jujutsucraft:inverted_spear_of_heaven":7,"jujutsucraft:sword_okkotsu_yuta":1,"minecraft:spruce_boat":4,"minecraft:dark_oak_planks":8,"minecraft:dark_oak_wood":2,"minecraft:cobblestone":27,"minecraft:splash_potion":5},"minecraft:killed":{"jujutsucraft:cursed_spirit_grade_33":1,"minecraft:pig":2,"jujutsucraft:nue":2,"jujutsucraft:round_deer":1,"jujutsucraft:transfigured_human_2":2,"jujutsucraft:divine_dog_white":3,"jujutsucraft:cursed_spirit_grade_321":4,"minecraft:sheep":1,"minecraft:skeleton":3,"jujutsucraft:cursed_spirit_grade_313":1,"minecraft:zombie":3,"minecraft:chicken":1,"jujutsucraft:divine_dog_black":2,"jujutsucraft:rabbit_escape":19,"minecraft:villager":1,"minecraft:cow":3},"minecraft:crafted":{"minecraft:crafting_table":2,"minecraft:spruce_planks":24,"minecraft:wooden_pickaxe":2,"minecraft:stick":4,"minecraft:spruce_boat":1,"minecraft:dark_oak_planks":6},"minecraft:killed_by":{"jujutsucraft:cursed_spirit_grade_24":1,"minecraft:player":10,"jujutsucraft:zenin_jinichi":1,"jujutsucraft:cursed_spirit_grade_14":1,"jujutsucraft:nanako":1,"jujutsucraft:curse_user":1},"minecraft:broken":{"minecraft:wooden_pickaxe":2},"minecraft:mined":{"minecraft:spruce_planks":7,"minecraft:white_bed":1,"minecraft:glass_pane":2,"minecraft:crafting_table":2,"minecraft:dark_oak_wood":4,"minecraft:grass_block":5,"minecraft:decorated_pot":1,"minecraft:white_concrete":1,"minecraft:cobblestone":3,"minecraft:spruce_leaves":8,"minecraft:sugar_cane":2,"minecraft:oak_planks":2,"minecraft:diorite":4,"minecraft:iron_door":1,"minecraft:large_fern":4,"minecraft:white_carpet":6,"minecraft:spruce_log":6,"minecraft:grass":2,"minecraft:vine":1,"minecraft:dirt":29,"minecraft:stone":93,"jujutsucraft:cursed_block":2,"minecraft:oak_leaves":3,"minecraft:fern":3},"minecraft:picked_up":{"minecraft:crafting_table":2,"minecraft:iron_door":1,"minecraft:gunpowder":3,"jujutsucraft:bullet_ball":1,"minecraft:dirt":34,"minecraft:item_frame":2,"minecraft:white_carpet":6,"minecraft:bone":10,"minecraft:oak_sign":2,"minecraft:wheat_seeds":1,"minecraft:spruce_planks":7,"jujutsucraft:item_master_domain_amplification":1,"minecraft:sugar_cane":8,"minecraft:oak_planks":2,"jujutsucraft:item_master_simple_domain":1,"minecraft:porkchop":2,"jujutsucraft:uniform_gojo_chestplate":1,"minecraft:diorite":4,"minecraft:white_bed":1,"minecraft:spruce_log":6,"jujutsucraft:sunglasses_helmet":1,"minecraft:arrow":8,"minecraft:rotten_flesh":4,"minecraft:spruce_boat":3,"jujutsucraft:clothes_nanami_leggings":1,"minecraft:white_concrete":1,"jujutsucraft:item_master_falling_blossom_emotion":1,"minecraft:dark_oak_wood":4,"minecraft:cobblestone":96}},"DataVersion":3465}