{"stats":{"minecraft:custom":{"minecraft:open_barrel":21,"minecraft:time_since_rest":25491,"minecraft:open_chest":112,"minecraft:crouch_one_cm":2823,"minecraft:sprint_one_cm":235212,"minecraft:play_time":57848,"minecraft:deaths":6,"minecraft:damage_taken":7050,"minecraft:walk_one_cm":56272,"minecraft:sneak_time":1056,"minecraft:walk_under_water_one_cm":4275,"minecraft:mob_kills":2,"minecraft:drop":4,"minecraft:interact_with_lectern":1,"minecraft:damage_dealt_resisted":247,"minecraft:jump":779,"minecraft:leave_game":6,"minecraft:walk_on_water_one_cm":5861,"minecraft:time_since_death":25453,"minecraft:climb_one_cm":3748,"minecraft:total_world_time":57848,"minecraft:swim_one_cm":18871,"minecraft:fall_one_cm":20140,"minecraft:fly_one_cm":295031},"minecraft:dropped":{"minecraft:porkchop":2,"jujutsucraft:sword_ogi":1,"jujutsucraftaddon:random_ct_changer":1},"minecraft:used":{"jujutsucraft:mei_mei_axe":7,"jujutsucraft:nyoi_staff":2,"minecraft:spruce_planks":5},"minecraft:killed":{"minecraft:pig":2},"minecraft:crafted":{"minecraft:dark_oak_planks":2},"minecraft:killed_by":{"minecraft:player":5},"minecraft:picked_up":{"minecraft:spruce_planks":6,"minecraft:porkchop":2,"minecraft:dark_oak_wood":2},"minecraft:mined":{"minecraft:dark_oak_wood":2,"minecraft:spruce_planks":6,"minecraft:vine":1,"jujutsucraft:cursed_block":1}},"DataVersion":3465}