{"stats":{"minecraft:custom":{"minecraft:mob_kills":39,"minecraft:interact_with_crafting_table":4,"minecraft:open_barrel":21,"minecraft:damage_dealt_resisted":12914,"minecraft:leave_game":32,"minecraft:time_since_death":51633,"minecraft:climb_one_cm":4646,"minecraft:damage_resisted":90,"minecraft:time_since_rest":51690,"minecraft:sprint_one_cm":561223,"minecraft:damage_taken":12423,"minecraft:walk_one_cm":221781,"minecraft:drop":6,"minecraft:swim_one_cm":92750,"minecraft:fly_one_cm":903623,"minecraft:open_chest":118,"minecraft:crouch_one_cm":18293,"minecraft:play_time":182821,"minecraft:deaths":14,"minecraft:sneak_time":6401,"minecraft:walk_under_water_one_cm":12105,"minecraft:boat_one_cm":78047,"minecraft:interact_with_lectern":1,"minecraft:jump":2448,"minecraft:walk_on_water_one_cm":19109,"minecraft:total_world_time":182821,"minecraft:fall_one_cm":65708},"minecraft:dropped":{"minecraft:porkchop":2,"jujutsucraftaddon:random_ct_changer":1,"jujutsucraft:naginata":1,"jujutsucraft:clothes_nanami_leggings":1,"jujutsucraft:sword_ogi":1},"minecraft:used":{"jujutsucraft:mei_mei_axe":7,"jujutsucraft:sword_black":3,"minecraft:oak_planks":2,"minecraft:spruce_planks":9,"minecraft:wooden_pickaxe":104,"jujutsucraft:nyoi_staff":3,"minecraft:dirt":5,"minecraft:crafting_table":3,"minecraft:spruce_boat":3,"jujutsucraft:sword_okkotsu_yuta":1,"minecraft:dark_oak_planks":8,"minecraft:dark_oak_wood":2,"minecraft:cobblestone":27},"minecraft:killed":{"jujutsucraft:cursed_spirit_grade_33":1,"minecraft:pig":2,"jujutsucraft:nue":2,"jujutsucraft:round_deer":1,"jujutsucraft:divine_dog_white":3,"jujutsucraft:cursed_spirit_grade_321":1,"minecraft:sheep":1,"minecraft:chicken":1,"jujutsucraft:divine_dog_black":2,"jujutsucraft:rabbit_escape":19,"minecraft:villager":1,"minecraft:cow":3},"minecraft:crafted":{"minecraft:crafting_table":2,"minecraft:spruce_planks":24,"minecraft:wooden_pickaxe":2,"minecraft:stick":4,"minecraft:spruce_boat":1,"minecraft:dark_oak_planks":6},"minecraft:killed_by":{"jujutsucraft:zenin_jinichi":1,"minecraft:player":9,"jujutsucraft:nanako":1,"jujutsucraft:curse_user":1},"minecraft:broken":{"minecraft:wooden_pickaxe":1},"minecraft:mined":{"minecraft:spruce_planks":7,"minecraft:crafting_table":2,"minecraft:dark_oak_wood":4,"minecraft:grass_block":5,"minecraft:cobblestone":3,"minecraft:spruce_leaves":8,"minecraft:sugar_cane":2,"minecraft:oak_planks":2,"minecraft:large_fern":1,"minecraft:spruce_log":6,"minecraft:vine":1,"minecraft:dirt":29,"minecraft:stone":93,"jujutsucraft:cursed_block":1,"minecraft:oak_leaves":1},"minecraft:picked_up":{"minecraft:crafting_table":2,"jujutsucraft:bullet_ball":1,"minecraft:dirt":34,"minecraft:item_frame":2,"minecraft:bone":3,"minecraft:spruce_planks":7,"minecraft:sugar_cane":8,"minecraft:oak_planks":2,"jujutsucraft:item_master_simple_domain":1,"minecraft:porkchop":2,"jujutsucraft:uniform_gojo_chestplate":1,"minecraft:spruce_log":6,"jujutsucraft:sunglasses_helmet":1,"minecraft:arrow":1,"minecraft:spruce_boat":3,"jujutsucraft:clothes_nanami_leggings":1,"minecraft:dark_oak_wood":4,"minecraft:cobblestone":96}},"DataVersion":3465}