{"stats":{"minecraft:custom":{"minecraft:time_since_rest":2593,"minecraft:sprint_one_cm":368947,"minecraft:damage_taken":11445,"minecraft:walk_one_cm":149493,"minecraft:mob_kills":9,"minecraft:drop":5,"minecraft:interact_with_crafting_table":2,"minecraft:swim_one_cm":24585,"minecraft:fly_one_cm":395484,"minecraft:open_barrel":21,"minecraft:open_chest":112,"minecraft:crouch_one_cm":17922,"minecraft:play_time":120236,"minecraft:deaths":13,"minecraft:sneak_time":6053,"minecraft:walk_under_water_one_cm":5132,"minecraft:interact_with_lectern":1,"minecraft:jump":1307,"minecraft:damage_dealt_resisted":5923,"minecraft:leave_game":25,"minecraft:time_since_death":2472,"minecraft:walk_on_water_one_cm":7020,"minecraft:climb_one_cm":4646,"minecraft:total_world_time":120236,"minecraft:fall_one_cm":38068},"minecraft:dropped":{"minecraft:porkchop":2,"jujutsucraft:sword_ogi":1,"jujutsucraftaddon:random_ct_changer":1,"jujutsucraft:clothes_nanami_leggings":1},"minecraft:used":{"jujutsucraft:mei_mei_axe":7,"minecraft:dark_oak_planks":8,"minecraft:oak_planks":2,"minecraft:dark_oak_wood":2,"minecraft:spruce_planks":9,"minecraft:wooden_pickaxe":95,"jujutsucraft:nyoi_staff":2,"minecraft:dirt":5,"minecraft:cobblestone":9,"minecraft:crafting_table":2},"minecraft:killed":{"jujutsucraft:cursed_spirit_grade_33":1,"minecraft:pig":2,"jujutsucraft:nue":1,"jujutsucraft:divine_dog_black":1,"jujutsucraft:divine_dog_white":2,"jujutsucraft:cursed_spirit_grade_321":1},"minecraft:crafted":{"minecraft:crafting_table":2,"minecraft:spruce_planks":24,"minecraft:stick":4,"minecraft:wooden_pickaxe":2,"minecraft:dark_oak_planks":6},"minecraft:killed_by":{"jujutsucraft:zenin_jinichi":1,"minecraft:player":9,"jujutsucraft:curse_user":1,"jujutsucraft:nanako":1},"minecraft:broken":{"minecraft:wooden_pickaxe":1},"minecraft:mined":{"minecraft:spruce_planks":7,"minecraft:spruce_log":6,"minecraft:crafting_table":1,"minecraft:dark_oak_wood":4,"minecraft:grass_block":4,"minecraft:vine":1,"minecraft:dirt":29,"minecraft:spruce_leaves":5,"minecraft:stone":87,"jujutsucraft:cursed_block":1,"minecraft:oak_planks":2},"minecraft:picked_up":{"minecraft:crafting_table":1,"minecraft:porkchop":2,"jujutsucraft:uniform_gojo_chestplate":1,"minecraft:spruce_log":6,"jujutsucraft:sunglasses_helmet":1,"jujutsucraft:bullet_ball":1,"minecraft:dirt":33,"minecraft:item_frame":2,"minecraft:spruce_planks":7,"jujutsucraft:clothes_nanami_leggings":1,"minecraft:dark_oak_wood":4,"minecraft:oak_planks":2,"minecraft:cobblestone":87}},"DataVersion":3465}