{"stats":{"minecraft:custom":{"minecraft:open_barrel":21,"minecraft:time_since_rest":2605,"minecraft:open_chest":112,"minecraft:crouch_one_cm":6330,"minecraft:sprint_one_cm":305256,"minecraft:play_time":69848,"minecraft:deaths":7,"minecraft:damage_taken":8186,"minecraft:walk_one_cm":83312,"minecraft:sneak_time":1993,"minecraft:walk_under_water_one_cm":4275,"minecraft:mob_kills":2,"minecraft:drop":5,"minecraft:interact_with_lectern":1,"minecraft:damage_dealt_resisted":247,"minecraft:jump":1060,"minecraft:leave_game":6,"minecraft:walk_on_water_one_cm":5861,"minecraft:time_since_death":2540,"minecraft:climb_one_cm":4646,"minecraft:total_world_time":69848,"minecraft:swim_one_cm":18871,"minecraft:fall_one_cm":31046,"minecraft:fly_one_cm":348523},"minecraft:dropped":{"minecraft:porkchop":2,"jujutsucraft:clothes_nanami_leggings":1,"jujutsucraft:sword_ogi":1,"jujutsucraftaddon:random_ct_changer":1},"minecraft:used":{"minecraft:dark_oak_planks":8,"jujutsucraft:mei_mei_axe":7,"jujutsucraft:nyoi_staff":2,"minecraft:dark_oak_wood":2,"minecraft:spruce_planks":6},"minecraft:killed":{"minecraft:pig":2},"minecraft:crafted":{"minecraft:dark_oak_planks":6},"minecraft:killed_by":{"minecraft:player":6},"minecraft:picked_up":{"minecraft:item_frame":2,"minecraft:spruce_planks":6,"minecraft:porkchop":2,"jujutsucraft:clothes_nanami_leggings":1,"jujutsucraft:uniform_gojo_chestplate":1,"jujutsucraft:bullet_ball":1,"minecraft:dark_oak_wood":4,"jujutsucraft:sunglasses_helmet":1},"minecraft:mined":{"minecraft:dark_oak_wood":4,"minecraft:spruce_planks":6,"minecraft:vine":1,"jujutsucraft:cursed_block":1}},"DataVersion":3465}