{"stats":{"minecraft:custom":{"minecraft:time_since_rest":1320,"minecraft:sprint_one_cm":368947,"minecraft:damage_taken":11445,"minecraft:walk_one_cm":158955,"minecraft:mob_kills":9,"minecraft:drop":5,"minecraft:interact_with_crafting_table":2,"minecraft:swim_one_cm":24585,"minecraft:fly_one_cm":413739,"minecraft:open_barrel":21,"minecraft:open_chest":112,"minecraft:crouch_one_cm":17922,"minecraft:play_time":132451,"minecraft:deaths":14,"minecraft:sneak_time":6174,"minecraft:walk_under_water_one_cm":5132,"minecraft:interact_with_lectern":1,"minecraft:jump":1307,"minecraft:damage_dealt_resisted":6445,"minecraft:leave_game":32,"minecraft:time_since_death":1263,"minecraft:walk_on_water_one_cm":7020,"minecraft:total_world_time":132451,"minecraft:climb_one_cm":4646,"minecraft:fall_one_cm":38068},"minecraft:dropped":{"minecraft:porkchop":2,"jujutsucraft:sword_ogi":1,"jujutsucraftaddon:random_ct_changer":1,"jujutsucraft:clothes_nanami_leggings":1},"minecraft:used":{"jujutsucraft:mei_mei_axe":7,"minecraft:dark_oak_planks":8,"minecraft:oak_planks":2,"minecraft:dark_oak_wood":2,"minecraft:spruce_planks":9,"minecraft:wooden_pickaxe":101,"jujutsucraft:nyoi_staff":2,"minecraft:dirt":5,"minecraft:cobblestone":21,"minecraft:crafting_table":2},"minecraft:killed":{"jujutsucraft:cursed_spirit_grade_33":1,"minecraft:pig":2,"jujutsucraft:nue":1,"jujutsucraft:divine_dog_black":1,"jujutsucraft:divine_dog_white":2,"jujutsucraft:cursed_spirit_grade_321":1},"minecraft:crafted":{"minecraft:crafting_table":2,"minecraft:spruce_planks":24,"minecraft:stick":4,"minecraft:wooden_pickaxe":2,"minecraft:dark_oak_planks":6},"minecraft:killed_by":{"minecraft:player":9,"jujutsucraft:zenin_jinichi":1,"jujutsucraft:curse_user":1,"jujutsucraft:nanako":1},"minecraft:broken":{"minecraft:wooden_pickaxe":1},"minecraft:mined":{"minecraft:spruce_planks":7,"minecraft:spruce_log":6,"minecraft:crafting_table":1,"minecraft:dark_oak_wood":4,"minecraft:grass_block":4,"minecraft:vine":1,"minecraft:dirt":29,"minecraft:spruce_leaves":5,"minecraft:stone":93,"jujutsucraft:cursed_block":1,"minecraft:oak_planks":2},"minecraft:picked_up":{"minecraft:crafting_table":1,"minecraft:porkchop":2,"jujutsucraft:uniform_gojo_chestplate":1,"minecraft:spruce_log":6,"minecraft:dirt":33,"jujutsucraft:bullet_ball":1,"jujutsucraft:sunglasses_helmet":1,"minecraft:item_frame":2,"minecraft:spruce_planks":7,"jujutsucraft:clothes_nanami_leggings":1,"minecraft:dark_oak_wood":4,"minecraft:oak_planks":2,"minecraft:cobblestone":93}},"DataVersion":3465}