{"stats":{"minecraft:custom":{"minecraft:jump":163,"minecraft:open_chest":26,"minecraft:time_since_rest":1491,"minecraft:damage_taken":6810,"minecraft:leave_game":6,"minecraft:crouch_one_cm":990,"minecraft:time_since_death":1453,"minecraft:play_time":33848,"minecraft:sprint_one_cm":68883,"minecraft:walk_one_cm":27194,"minecraft:walk_on_water_one_cm":1361,"minecraft:deaths":6,"minecraft:sneak_time":625,"minecraft:total_world_time":33848,"minecraft:walk_under_water_one_cm":2801,"minecraft:fall_one_cm":5509,"minecraft:drop":2,"minecraft:fly_one_cm":122740,"minecraft:damage_dealt_resisted":247,"minecraft:open_barrel":5},"minecraft:dropped":{"jujutsucraft:sword_ogi":1,"jujutsucraftaddon:random_ct_changer":1},"minecraft:killed_by":{"minecraft:player":5}},"DataVersion":3465}