{"stats":{"minecraft:custom":{"minecraft:jump":77,"minecraft:time_since_rest":536,"minecraft:crouch_one_cm":248,"minecraft:damage_taken":472,"minecraft:deaths":2,"minecraft:leave_game":5,"minecraft:play_time":25099,"minecraft:sprint_one_cm":19818,"minecraft:walk_on_water_one_cm":980,"minecraft:time_since_death":502,"minecraft:walk_one_cm":10934,"minecraft:sneak_time":368,"minecraft:total_world_time":25099,"minecraft:walk_under_water_one_cm":2801,"minecraft:fall_one_cm":2287,"minecraft:drop":1,"minecraft:fly_one_cm":69966},"minecraft:dropped":{"jujutsucraftaddon:random_ct_changer":1},"minecraft:killed_by":{"minecraft:player":1}},"DataVersion":3465}