{"stats":{"minecraft:custom":{"minecraft:time_since_rest":7222,"minecraft:sprint_one_cm":325893,"minecraft:damage_taken":8648,"minecraft:walk_one_cm":93373,"minecraft:mob_kills":4,"minecraft:drop":5,"minecraft:swim_one_cm":24170,"minecraft:fly_one_cm":363642,"minecraft:open_barrel":21,"minecraft:open_chest":112,"minecraft:crouch_one_cm":6417,"minecraft:play_time":77527,"minecraft:deaths":8,"minecraft:sneak_time":2225,"minecraft:walk_under_water_one_cm":4883,"minecraft:interact_with_lectern":1,"minecraft:jump":1132,"minecraft:damage_dealt_resisted":399,"minecraft:leave_game":10,"minecraft:walk_on_water_one_cm":6918,"minecraft:time_since_death":7009,"minecraft:climb_one_cm":4646,"minecraft:total_world_time":77527,"minecraft:fall_one_cm":33028},"minecraft:dropped":{"minecraft:porkchop":2,"jujutsucraft:sword_ogi":1,"jujutsucraftaddon:random_ct_changer":1,"jujutsucraft:clothes_nanami_leggings":1},"minecraft:used":{"jujutsucraft:mei_mei_axe":7,"minecraft:dark_oak_planks":8,"minecraft:dark_oak_wood":2,"minecraft:spruce_planks":6,"jujutsucraft:nyoi_staff":2},"minecraft:killed":{"jujutsucraft:cursed_spirit_grade_33":1,"minecraft:pig":2},"minecraft:crafted":{"minecraft:dark_oak_planks":6},"minecraft:killed_by":{"jujutsucraft:zenin_jinichi":1,"minecraft:player":6},"minecraft:picked_up":{"minecraft:porkchop":2,"jujutsucraft:uniform_gojo_chestplate":1,"jujutsucraft:bullet_ball":1,"jujutsucraft:sunglasses_helmet":1,"minecraft:item_frame":2,"minecraft:spruce_planks":6,"jujutsucraft:clothes_nanami_leggings":1,"minecraft:dark_oak_wood":4,"minecraft:oak_planks":2},"minecraft:mined":{"minecraft:spruce_planks":6,"minecraft:dark_oak_wood":4,"minecraft:vine":1,"minecraft:oak_planks":2,"jujutsucraft:cursed_block":1}},"DataVersion":3465}