{"stats":{"minecraft:custom":{"minecraft:open_barrel":21,"minecraft:time_since_rest":13491,"minecraft:open_chest":104,"minecraft:crouch_one_cm":1089,"minecraft:sprint_one_cm":154486,"minecraft:play_time":45848,"minecraft:deaths":6,"minecraft:damage_taken":6840,"minecraft:walk_one_cm":45830,"minecraft:sneak_time":653,"minecraft:walk_under_water_one_cm":2801,"minecraft:drop":2,"minecraft:interact_with_lectern":1,"minecraft:damage_dealt_resisted":247,"minecraft:jump":314,"minecraft:leave_game":6,"minecraft:walk_on_water_one_cm":1521,"minecraft:time_since_death":13453,"minecraft:climb_one_cm":3194,"minecraft:total_world_time":45848,"minecraft:fall_one_cm":8182,"minecraft:fly_one_cm":164604},"minecraft:dropped":{"jujutsucraft:sword_ogi":1,"jujutsucraftaddon:random_ct_changer":1},"minecraft:used":{"jujutsucraft:mei_mei_axe":7,"jujutsucraft:nyoi_staff":2,"minecraft:spruce_planks":3},"minecraft:killed_by":{"minecraft:player":5},"minecraft:picked_up":{"minecraft:spruce_planks":6},"minecraft:mined":{"minecraft:spruce_planks":6,"jujutsucraft:cursed_block":1}},"DataVersion":3465}