{"stats":{"minecraft:custom":{"minecraft:mob_kills":375,"minecraft:interact_with_anvil":1,"minecraft:damage_dealt_resisted":1062895,"minecraft:leave_game":21,"minecraft:time_since_death":220061,"minecraft:climb_one_cm":627,"minecraft:damage_resisted":48505,"minecraft:sprint_one_cm":99389,"minecraft:walk_one_cm":683646,"minecraft:drop":57,"minecraft:walk_under_water_one_cm":176523,"minecraft:sneak_time":6738,"minecraft:play_time":220061,"minecraft:jump":1165,"minecraft:walk_on_water_one_cm":165562,"minecraft:total_world_time":220061,"minecraft:time_since_rest":220061,"minecraft:damage_taken":12185,"minecraft:damage_dealt":27035,"minecraft:swim_one_cm":30816,"minecraft:fly_one_cm":1509102,"minecraft:player_kills":6,"minecraft:crouch_one_cm":34135,"minecraft:fall_one_cm":117199},"minecraft:dropped":{"minecraft:porkchop":3,"jujutsucraft:clothes_nanami_leggings":1,"jujutsucraft:slaughter_demon":1,"jujutsucraft:item_master_domain_expansion":1,"jujutsucraft:item_master_domain_amplification":1,"jujutsucraft:mei_mei_axe":2,"minecraft:string":12,"minecraft:bone":11,"jujutsucraft:bullet_ball":1,"jujutsu_kaisen_gt_2:left_sign_item":2,"jujutsucraft:cursed_spirit_armoury_chestplate":1,"jujutsucraft:uniform_normal_leggings":2,"jujutsucraft:supreme_martial_solution":1,"jujutsucraft:sword_miwa_kasumi":1,"jujutsucraft:item_master_falling_blossom_emotion":1,"minecraft:rotten_flesh":11,"jujutsu_kaisen_gt_2:hand_sign_item":3,"jujutsucraft:itadori_arm":2,"minecraft:salmon":1,"jujutsucraft:uniform_normal_chestplate":2,"jujutsucraft:recommendation_1":3,"minecraft:gunpowder":5,"minecraft:arrow":22,"jujutsucraft:clothes_jogo_chestplate":2,"jujutsucraft:mahoraga_wheel_helmet":1,"jujutsucraft:g_staff":1,"jujutsucraft:clothes_hakari_kinji_chestplate":1},"minecraft:used":{"minecraft:flint_and_steel":2,"jujutsucraft:cursed_spirit_grade_15_spawn_egg":1,"minecraft:stone":42,"jujutsucraft:cursed_spirit_grade_14_spawn_egg":1,"jujutsucraft:sukuna_finger":22,"minecraft:dirt":3,"minecraft:anvil":1,"jujutsucraft:cursed_spirit_grade_21_spawn_egg":1,"jujutsucraft:cursed_spirit_grade_12_spawn_egg":1,"epicfight:skillbook":3,"minecraft:torchflower":2,"jujutsucraft:nobara_kugisaki_spawn_egg":1,"jujutsucraft:cursed_spirit_grade_11_spawn_egg":3,"jujutsucraft:cursed_spirit_armoury_chestplate":1,"minecraft:gravel":7,"jujutsucraft:gojo_satoru_school_days_spawn_egg":1,"jujutsucraft:gojo_satoru_spawn_egg":4,"minecraft:black_candle":8,"jujutsucraft:itadori_yuji_shinjuku_spawn_egg":1},"minecraft:killed":{"jujutsucraft:cursed_spirit_grade_32":2,"jujutsucraft:transfigured_human_3":8,"jujutsucraft:cursed_spirit_grade_21":7,"jujutsucraft:cursed_spirit_grade_33":4,"jujutsucraft:reggie_star":2,"jujutsucraft:ishigori_ryu":1,"jujutsucraft:nue":3,"jujutsucraft:cursed_spirit_grade_11":2,"jujutsucraft:zenin_naoya":1,"jujutsucraft:cursed_spirit_grade_12":3,"jujutsucraft:cursed_spirit_grade_24":2,"jujutsucraft:tsukumo_yuki":2,"minecraft:spider":11,"jujutsucraft:cursed_spirit_grade_37":1,"jujutsucraft:cursed_spirit_grade_35":2,"jujutsucraft:round_deer":1,"jujutsucraft:rock_fragment":2,"jujutsucraft:yoshino_junpei":1,"jujutsucraft:cursed_spirit_grade_318":8,"jujutsucraft:shikigami_heterocephalus_glaber":1,"minecraft:cod":1,"jujutsucraft:cursed_spirit_grade_26":1,"jujutsucraft:rika_2":1,"jujutsucraft:transfigured_human_2":2,"jujutsucraft:cursed_spirit_grade_03":2,"jujutsucraft:cursed_spirit_grade_01":2,"minecraft:phantom":2,"jujutsucraft:shikigami_pterosaur":1,"minecraft:horse":5,"minecraft:skeleton":13,"jujutsucraft:cursed_spirit_grade_39":11,"jujutsucraft:fox_fire":10,"jujutsucraft:okkotsu_yuta":1,"jujutsucraft:cursed_spirit_grade_312":2,"jujutsucraft:cursed_spirit_grade_313":7,"jujutsucraft:fushiguro_toji_bug":3,"jujutsucraft:cursed_spirit_grade_19":2,"jujutsucraft:fushiguro_toji":1,"jujutsucraft:panda_normal":1,"jujutsucraft:rozetsu_shikigami":3,"jujutsucraftaddon:sukuna_r":2,"jujutsucraft:cursed_spirit_grade_08":1,"minecraft:drowned":9,"jujutsucraft:cursed_spirit_grade_23":2,"jujutsucraft:cursed_spirit_grade_214":3,"jujutsucraft:zenin_ogi":1,"jujutsucraft:itadori_yuji_shibuya":2,"jujutsucraft:cursed_spirit_grade_317":12,"jujutsucraft:cursed_spirit_grade_38":3,"jujutsucraft:cursed_spirit_grade_34":5,"jujutsucraft:transfigured_human_1":6,"jujutsucraft:nanami_kento":2,"jujutsucraft:higuruma_hiromi":1,"jujutsucraft:nobara_kugisaki":1,"jujutsucraft:cursed_spirit_grade_27":3,"jujutsucraft:kusakabe_yatsuya":1,"jujutsucraft:okkotsu_yuta_culling_game":2,"jujutsucraft:cursed_spirit_grade_210":1,"jujutsucraft:garuda":2,"minecraft:pig":5,"jujutsucraft:kukuru":4,"jujutsucraft:jujutsu_sorcerer":3,"jujutsucraft:nishimiya_momo":1,"minecraft:salmon":32,"jujutsucraft:itadori_yuji_shinjuku":2,"jujutsucraft:zenin_maki":1,"jujutsucraft:hakari_kinji":2,"jujutsucraft:curse_user_1":1,"jujutsucraft:cursed_spirit_grade_211":2,"jujutsucraft:curse_user":3,"jujutsucraft:great_serpent":1,"minecraft:creeper":20,"minecraft:squid":1,"jujutsucraft:cursed_spirit_grade_321":8,"minecraft:sheep":5,"jujutsucraft:panda_gorilla":1,"jujutsucraft:cursed_spirit_grade_29":4,"jujutsucraft:jogo":1,"jujutsucraft:cursed_spirit_grade_314":2,"minecraft:zombie":23,"jujutsucraft:cursed_spirit_grade_14":3,"jujutsucraft:cockroaches":1,"jujutsucraft:cursed_spirit_grade_311":4,"jujutsucraft:cursed_spirit_grade_310":5,"jujutsucraft:negi_toshihisa":1,"jujutsucraft:cursed_spirit_grade_17":1,"jujutsucraft:cursed_spirit_grade_36":9,"jujutsucraft:todo_aoi":1,"jujutsucraft:cursed_spirit_grade_25":1,"jujutsucraft:moon_dregs":1,"jujutsucraft:kashimo_hajime":1,"jujutsucraft:cursed_spirit_grade_315":6,"jujutsucraft:cursed_spirit_grade_212":2,"jujutsucraft:cursed_spirit_grade_319":2,"jujutsucraft:rika":1,"jujutsucraft:cursed_spirit_grade_02":1,"jujutsucraft:geto_suguru_curse_user":1,"jujutsucraft:cursed_spirit_grade_322":2,"jujutsucraft:cursed_spirit_grade_06":1,"jujutsucraft:q":1,"jujutsucraft:fushiguro_megumi":1,"minecraft:cow":11},"minecraft:picked_up":{"jujutsucraft:slaughter_demon":1,"jujutsu_kaisen_gt_2:hand_sign_item":2,"minecraft:string":18,"jujutsu_kaisen_gt_2:left_sign_item":1,"minecraft:beef":10,"jujutsucraft:supreme_martial_solution":1,"jujutsucraft:playful_cloud":1,"minecraft:porkchop":4,"jujutsucraftaddon:random_ct_changer":2,"minecraft:arrow":33,"minecraft:rotten_flesh":32,"jujutsucraft:clothes_nanami_leggings":1,"jujutsucraft:item_master_falling_blossom_emotion":1,"jujutsucraft:mahito_hand_2":1,"jujutsucraft:g_staff":1,"minecraft:salmon":3,"minecraft:leather":10,"minecraft:gunpowder":11,"jujutsucraft:inverted_spear_of_heaven":1,"jujutsucraft:uniform_normal_leggings":1,"jujutsucraft:pendant_todo_aoi":1,"minecraft:bone":16,"jujutsucraft:clothes_jogo_chestplate":2,"jujutsucraft:mei_mei_axe":3,"jujutsucraft:item_master_domain_amplification":1,"jujutsucraft:sword_miwa_kasumi":1,"jujutsucraft:uniform_normal_chestplate":2,"minecraft:ink_sac":4,"jujutsucraft:sunglasses_helmet":1}},"DataVersion":3465}