{"stats":{"minecraft:custom":{"minecraft:jump":10,"minecraft:time_since_rest":9818,"minecraft:damage_taken":40,"minecraft:crouch_one_cm":262,"minecraft:leave_game":10,"minecraft:play_time":9818,"minecraft:sprint_one_cm":580,"minecraft:time_since_death":9818,"minecraft:walk_on_water_one_cm":905,"minecraft:walk_one_cm":9583,"minecraft:sneak_time":159,"minecraft:total_world_time":9818,"minecraft:mob_kills":1,"minecraft:fall_one_cm":656,"minecraft:fly_one_cm":9140,"minecraft:damage_dealt_resisted":2587},"minecraft:killed":{"minecraft:salmon":1}},"DataVersion":3465}