{"stats":{"minecraft:custom":{"minecraft:time_since_rest":45795,"minecraft:crouch_one_cm":11351,"minecraft:sprint_one_cm":26682,"minecraft:play_time":45795,"minecraft:damage_taken":40,"minecraft:walk_one_cm":61180,"minecraft:walk_under_water_one_cm":3222,"minecraft:sneak_time":1677,"minecraft:mob_kills":8,"minecraft:interact_with_anvil":1,"minecraft:drop":9,"minecraft:damage_dealt_resisted":2587,"minecraft:jump":66,"minecraft:leave_game":10,"minecraft:walk_on_water_one_cm":4133,"minecraft:time_since_death":45795,"minecraft:total_world_time":45795,"minecraft:swim_one_cm":928,"minecraft:fly_one_cm":72658,"minecraft:fall_one_cm":5734,"minecraft:player_kills":2},"minecraft:dropped":{"jujutsucraft:recommendation_1":3,"jujutsucraft:uniform_normal_leggings":2,"jujutsucraft:clothes_jogo_chestplate":1,"jujutsucraft:clothes_hakari_kinji_chestplate":1,"jujutsucraft:uniform_normal_chestplate":1,"jujutsucraft:bullet_ball":1},"minecraft:used":{"epicfight:skillbook":3,"jujutsucraft:sukuna_finger":22,"minecraft:anvil":1},"minecraft:killed":{"jujutsucraft:cursed_spirit_grade_32":1,"jujutsucraft:jogo":1,"jujutsucraft:cursed_spirit_grade_35":1,"jujutsucraft:cursed_spirit_grade_311":1,"jujutsucraft:cursed_spirit_grade_321":1,"jujutsucraft:zenin_naoya":1,"minecraft:cow":1,"minecraft:salmon":1},"minecraft:picked_up":{"jujutsucraft:uniform_normal_leggings":1,"jujutsucraft:clothes_jogo_chestplate":1,"jujutsucraft:clothes_nanami_leggings":1,"jujutsucraft:uniform_normal_chestplate":1,"jujutsucraftaddon:random_ct_changer":1}},"DataVersion":3465}