{"stats":{"minecraft:custom":{"minecraft:time_since_rest":33795,"minecraft:crouch_one_cm":282,"minecraft:sprint_one_cm":20756,"minecraft:play_time":33795,"minecraft:damage_taken":40,"minecraft:walk_one_cm":32740,"minecraft:sneak_time":187,"minecraft:mob_kills":2,"minecraft:interact_with_anvil":1,"minecraft:drop":1,"minecraft:damage_dealt_resisted":2587,"minecraft:jump":47,"minecraft:leave_game":10,"minecraft:walk_on_water_one_cm":2524,"minecraft:time_since_death":33795,"minecraft:total_world_time":33795,"minecraft:fly_one_cm":39999,"minecraft:fall_one_cm":1952,"minecraft:player_kills":1},"minecraft:dropped":{"jujutsucraft:bullet_ball":1},"minecraft:used":{"epicfight:skillbook":3,"jujutsucraft:sukuna_finger":22,"minecraft:anvil":1},"minecraft:killed":{"minecraft:cow":1,"minecraft:salmon":1},"minecraft:picked_up":{"jujutsucraft:clothes_nanami_leggings":1}},"DataVersion":3465}