{"stats":{"minecraft:custom":{"minecraft:mob_kills":435,"minecraft:interact_with_anvil":1,"minecraft:damage_dealt_resisted":1112164,"minecraft:leave_game":22,"minecraft:time_since_death":7230,"minecraft:climb_one_cm":627,"minecraft:damage_resisted":52011,"minecraft:sprint_one_cm":133959,"minecraft:walk_one_cm":847618,"minecraft:drop":84,"minecraft:deaths":3,"minecraft:walk_under_water_one_cm":207825,"minecraft:sneak_time":9901,"minecraft:play_time":266816,"minecraft:jump":1445,"minecraft:walk_on_water_one_cm":218201,"minecraft:total_world_time":266816,"minecraft:time_since_rest":7261,"minecraft:damage_taken":13063,"minecraft:damage_dealt":27035,"minecraft:swim_one_cm":33972,"minecraft:fly_one_cm":1722569,"minecraft:player_kills":19,"minecraft:crouch_one_cm":51643,"minecraft:fall_one_cm":158735},"minecraft:dropped":{"minecraft:porkchop":4,"jujutsucraftaddon:jujutsu_coin":3,"minecraft:leather":5,"jujutsucraft:clothes_nanami_leggings":1,"minecraft:spruce_door":1,"minecraft:cod":2,"jujutsucraft:slaughter_demon":1,"jujutsucraft:item_master_domain_expansion":1,"minecraft:ink_sac":3,"jujutsucraft:item_master_domain_amplification":1,"jujutsucraft:glasses_maki_leggings":2,"jujutsucraft:mei_mei_axe":3,"jujutsucraft:pendant_todo_aoi":1,"minecraft:string":18,"minecraft:bone":17,"jujutsucraft:bullet_ball":1,"jujutsu_kaisen_gt_2:left_sign_item":2,"jujutsucraft:uniform_gojo_boots":1,"jujutsucraft:cursed_spirit_armoury_chestplate":1,"jujutsucraft:uniform_normal_leggings":2,"jujutsucraft:playful_cloud":1,"jujutsucraft:supreme_martial_solution":1,"jujutsucraft:sword_miwa_kasumi":1,"jujutsucraft:cursed_technique_changer":3,"jujutsucraft:item_master_falling_blossom_emotion":1,"minecraft:rotten_flesh":32,"jujutsu_kaisen_gt_2:hand_sign_item":3,"jujutsucraft:itadori_arm":2,"minecraft:salmon":5,"jujutsucraft:glasses_maki_chestplate":2,"jujutsucraft:uniform_normal_chestplate":2,"jujutsucraft:clothes_fushiguro_toji_leggings":1,"jujutsucraft:recommendation_1":3,"minecraft:gunpowder":10,"minecraft:arrow":33,"minecraft:beef":4,"jujutsucraftaddon:race_changer":7,"jujutsucraft:clothes_jogo_chestplate":2,"jujutsucraft:mahoraga_wheel_helmet":1,"jujutsucraft:g_staff":1,"jujutsucraft:clothes_hakari_kinji_chestplate":1},"minecraft:used":{"minecraft:flint_and_steel":2,"jujutsucraft:cursed_spirit_grade_15_spawn_egg":1,"minecraft:spruce_planks":3,"jujutsucraft:jogo_spawn_egg":1,"minecraft:stone":42,"jujutsucraft:cursed_spirit_grade_14_spawn_egg":1,"jujutsucraft:sukuna_finger":22,"minecraft:dirt":3,"minecraft:anvil":1,"jujutsucraft:cursed_spirit_grade_21_spawn_egg":1,"jujutsucraft:cursed_spirit_grade_01_spawn_egg":1,"jujutsucraft:cursed_spirit_grade_12_spawn_egg":1,"jujutsucraft:fushiguro_toji_spawn_egg":1,"jujutsucraft:cursed_spirit_grade_215_spawn_egg":1,"epicfight:skillbook":3,"minecraft:torchflower":2,"jujutsucraft:nobara_kugisaki_spawn_egg":1,"jujutsucraft:cursed_spirit_grade_11_spawn_egg":3,"jujutsucraft:zenin_maki_culling_game_spawn_egg":2,"jujutsucraft:cursed_spirit_armoury_chestplate":1,"minecraft:gravel":7,"jujutsucraft:gojo_satoru_school_days_spawn_egg":1,"jujutsucraft:gojo_satoru_spawn_egg":4,"minecraft:black_candle":8,"minecraft:white_concrete":2,"jujutsucraft:itadori_yuji_shinjuku_spawn_egg":1},"minecraft:killed":{"jujutsucraft:cursed_spirit_grade_32":2,"jujutsucraft:transfigured_human_3":9,"jujutsucraft:cursed_spirit_grade_21":8,"jujutsucraft:cursed_spirit_grade_33":4,"jujutsucraft:reggie_star":2,"jujutsucraft:ishigori_ryu":1,"jujutsucraft:nue":3,"jujutsucraft:cursed_spirit_grade_11":2,"jujutsucraft:yorozu":1,"jujutsucraft:zenin_naoya":1,"jujutsucraft:cursed_spirit_grade_12":5,"jujutsucraft:cursed_spirit_grade_24":2,"jujutsucraft:tsukumo_yuki":2,"jujutsucraft:miguel":1,"minecraft:spider":14,"jujutsucraft:cursed_spirit_grade_37":2,"jujutsucraft:cursed_spirit_grade_35":3,"jujutsucraft:round_deer":1,"jujutsucraft:rock_fragment":2,"jujutsucraft:yoshino_junpei":1,"jujutsucraft:mahito":1,"jujutsucraft:cursed_spirit_grade_318":9,"jujutsucraft:shikigami_heterocephalus_glaber":1,"minecraft:cod":1,"jujutsucraft:cursed_spirit_grade_26":1,"jujutsucraft:rika_2":1,"jujutsucraft:transfigured_human_2":2,"jujutsucraft:cursed_spirit_grade_03":2,"jujutsucraft:cursed_spirit_grade_01":2,"jujutsucraft:zenin_naoya_cursed_spirit_1":1,"minecraft:phantom":2,"jujutsucraft:shikigami_pterosaur":1,"minecraft:horse":5,"minecraft:skeleton":14,"jujutsucraft:cursed_spirit_grade_39":18,"jujutsucraft:fox_fire":10,"jujutsucraft:okkotsu_yuta":1,"jujutsucraft:cursed_spirit_grade_312":3,"jujutsucraft:cursed_spirit_grade_313":7,"minecraft:bee":1,"jujutsucraft:fushiguro_toji_bug":3,"minecraft:chicken":2,"jujutsucraft:cursed_spirit_grade_19":2,"jujutsucraft:fushiguro_toji":2,"jujutsucraft:gojo_satoru_school_days":1,"jujutsucraft:panda_normal":2,"jujutsucraft:rozetsu_shikigami":3,"jujutsucraftaddon:sukuna_r":2,"jujutsucraft:cursed_spirit_grade_08":2,"minecraft:drowned":9,"jujutsucraft:cursed_spirit_grade_23":4,"jujutsucraft:cursed_spirit_grade_214":4,"jujutsucraft:zenin_ogi":1,"jujutsucraft:itadori_yuji_shibuya":2,"jujutsucraft:cursed_spirit_grade_317":12,"jujutsucraft:cursed_spirit_grade_38":3,"jujutsucraft:cursed_spirit_grade_34":5,"jujutsucraft:kurusu_hana":1,"jujutsucraft:transfigured_human_1":7,"jujutsucraft:nanami_kento":2,"jujutsucraft:higuruma_hiromi":2,"jujutsucraft:nobara_kugisaki":1,"jujutsucraft:cursed_spirit_grade_27":3,"jujutsucraft:hazenoki":1,"jujutsucraft:kusakabe_yatsuya":1,"jujutsucraft:okkotsu_yuta_culling_game":2,"jujutsucraft:eight_handled_swrod_divergent_sila_divine_general_mahoraga":1,"jujutsucraft:cursed_spirit_grade_210":1,"jujutsucraft:garuda":2,"minecraft:pig":7,"jujutsucraft:kukuru":4,"jujutsucraft:jujutsu_sorcerer":3,"jujutsucraft:nishimiya_momo":1,"minecraft:salmon":33,"jujutsucraft:itadori_yuji_shinjuku":3,"jujutsucraft:zenin_maki":1,"jujutsucraft:hakari_kinji":2,"jujutsucraft:curse_user_1":1,"jujutsucraft:cursed_spirit_grade_211":3,"jujutsucraft:curse_user":3,"jujutsucraft:cursed_spirit_grade_07":1,"jujutsucraft:great_serpent":1,"minecraft:creeper":21,"minecraft:squid":1,"jujutsucraft:cursed_spirit_grade_321":8,"jujutsucraft:polymorphic_soul_isomer":3,"minecraft:sheep":5,"jujutsucraft:panda_gorilla":2,"jujutsucraft:cursed_spirit_grade_29":4,"jujutsucraft:jogo":1,"jujutsucraft:cursed_spirit_grade_314":2,"minecraft:zombie":24,"jujutsucraft:cursed_spirit_grade_14":3,"jujutsucraft:cockroaches":1,"jujutsucraft:cursed_spirit_grade_311":4,"jujutsucraft:cursed_spirit_grade_310":5,"jujutsucraft:negi_toshihisa":1,"jujutsucraft:cursed_spirit_grade_17":1,"jujutsucraft:cursed_spirit_grade_36":9,"jujutsucraft:todo_aoi":1,"jujutsucraft:cursed_spirit_grade_25":1,"jujutsucraft:moon_dregs":1,"jujutsucraft:cursed_spirit_grade_110":1,"jujutsucraft:kashimo_hajime":1,"jujutsucraft:cursed_spirit_grade_315":9,"jujutsucraft:cursed_spirit_grade_212":2,"jujutsucraft:cursed_spirit_grade_319":6,"jujutsucraft:rika":1,"jujutsucraft:cursed_spirit_grade_02":1,"jujutsucraft:geto_suguru_curse_user":1,"jujutsucraft:cursed_spirit_grade_322":2,"jujutsucraft:cursed_spirit_grade_06":1,"jujutsucraft:q":1,"jujutsucraft:fushiguro_megumi":1,"minecraft:cow":11},"minecraft:picked_up":{"jujutsucraft:slaughter_demon":1,"jujutsu_kaisen_gt_2:hand_sign_item":2,"jujutsucraft:cursed_technique_changer":2,"minecraft:string":18,"jujutsu_kaisen_gt_2:left_sign_item":1,"minecraft:beef":10,"jujutsucraft:supreme_martial_solution":1,"jujutsucraft:playful_cloud":1,"jujutsucraft:glasses_maki_chestplate":2,"minecraft:porkchop":4,"jujutsucraftaddon:random_ct_changer":2,"jujutsucraft:clothes_fushiguro_toji_leggings":1,"minecraft:arrow":33,"minecraft:rotten_flesh":32,"jujutsucraft:clothes_nanami_leggings":1,"jujutsucraft:item_master_falling_blossom_emotion":1,"jujutsucraft:mahito_hand_2":1,"minecraft:cod":2,"jujutsucraft:uniform_gojo_boots":1,"jujutsucraft:g_staff":1,"minecraft:salmon":5,"minecraft:leather":10,"minecraft:gunpowder":11,"jujutsucraft:inverted_spear_of_heaven":1,"jujutsucraft:uniform_normal_leggings":1,"jujutsucraft:pendant_todo_aoi":1,"minecraft:bone":17,"jujutsucraft:clothes_jogo_chestplate":2,"jujutsucraft:mei_mei_axe":3,"jujutsucraft:item_master_domain_amplification":1,"jujutsucraft:sword_miwa_kasumi":1,"jujutsucraft:nyoi_staff":1,"jujutsucraft:glasses_maki_leggings":2,"jujutsucraft:uniform_normal_chestplate":2,"minecraft:ink_sac":4,"minecraft:spruce_door":2,"jujutsucraft:sunglasses_helmet":1}},"DataVersion":3465}