{"stats":{"minecraft:custom":{"minecraft:time_since_rest":57795,"minecraft:sprint_one_cm":30514,"minecraft:damage_taken":68,"minecraft:walk_one_cm":96008,"minecraft:interact_with_anvil":1,"minecraft:mob_kills":33,"minecraft:drop":15,"minecraft:swim_one_cm":8720,"minecraft:fly_one_cm":157841,"minecraft:player_kills":3,"minecraft:crouch_one_cm":12541,"minecraft:play_time":57795,"minecraft:sneak_time":2035,"minecraft:walk_under_water_one_cm":16199,"minecraft:jump":177,"minecraft:damage_dealt_resisted":31054,"minecraft:leave_game":10,"minecraft:time_since_death":57795,"minecraft:walk_on_water_one_cm":26807,"minecraft:total_world_time":57795,"minecraft:damage_resisted":112,"minecraft:fall_one_cm":17991},"minecraft:dropped":{"jujutsucraft:recommendation_1":3,"jujutsucraft:uniform_normal_leggings":2,"jujutsucraft:item_master_domain_expansion":1,"jujutsucraft:clothes_nanami_leggings":1,"jujutsucraft:itadori_arm":2,"jujutsucraft:clothes_jogo_chestplate":2,"jujutsucraft:uniform_normal_chestplate":2,"jujutsucraft:bullet_ball":1,"jujutsucraft:clothes_hakari_kinji_chestplate":1},"minecraft:used":{"epicfight:skillbook":3,"jujutsucraft:sukuna_finger":22,"minecraft:anvil":1},"minecraft:killed":{"jujutsucraft:kusakabe_yatsuya":1,"minecraft:sheep":1,"jujutsucraft:cursed_spirit_grade_32":1,"minecraft:skeleton":2,"jujutsucraft:jogo":1,"jujutsucraft:cursed_spirit_grade_39":1,"jujutsucraft:reggie_star":2,"jujutsucraft:garuda":2,"minecraft:zombie":6,"jujutsucraft:cursed_spirit_grade_14":1,"jujutsucraft:cursed_spirit_grade_311":1,"jujutsucraft:zenin_naoya":1,"minecraft:salmon":1,"jujutsucraft:tsukumo_yuki":2,"minecraft:drowned":3,"jujutsucraft:cursed_spirit_grade_35":1,"jujutsucraft:hakari_kinji":1,"jujutsucraft:transfigured_human_1":1,"jujutsucraft:transfigured_human_2":1,"minecraft:creeper":1,"jujutsucraft:cursed_spirit_grade_321":1,"minecraft:cow":1},"minecraft:picked_up":{"jujutsucraft:uniform_normal_chestplate":2,"jujutsucraftaddon:random_ct_changer":1,"jujutsucraft:uniform_normal_leggings":1,"minecraft:rotten_flesh":3,"jujutsucraft:clothes_jogo_chestplate":2,"jujutsucraft:clothes_nanami_leggings":1}},"DataVersion":3465}