{"stats":{"minecraft:custom":{"minecraft:time_since_rest":117862,"minecraft:sprint_one_cm":47003,"minecraft:damage_taken":1294,"minecraft:walk_one_cm":202386,"minecraft:mob_kills":73,"minecraft:interact_with_anvil":1,"minecraft:drop":20,"minecraft:damage_dealt":4416,"minecraft:swim_one_cm":29647,"minecraft:fly_one_cm":436363,"minecraft:player_kills":6,"minecraft:crouch_one_cm":26181,"minecraft:play_time":117862,"minecraft:sneak_time":4839,"minecraft:walk_under_water_one_cm":152189,"minecraft:damage_dealt_resisted":104083,"minecraft:jump":413,"minecraft:leave_game":17,"minecraft:time_since_death":117862,"minecraft:walk_on_water_one_cm":121811,"minecraft:total_world_time":117862,"minecraft:damage_resisted":4999,"minecraft:fall_one_cm":59936},"minecraft:dropped":{"jujutsucraft:recommendation_1":3,"jujutsucraft:item_master_domain_expansion":1,"jujutsucraft:uniform_normal_leggings":2,"minecraft:rotten_flesh":7,"jujutsucraft:clothes_nanami_leggings":1,"jujutsucraft:itadori_arm":2,"jujutsucraft:clothes_jogo_chestplate":2,"minecraft:salmon":1,"jujutsucraft:uniform_normal_chestplate":2,"jujutsucraft:clothes_hakari_kinji_chestplate":1,"minecraft:bone":2,"jujutsucraft:bullet_ball":1},"minecraft:used":{"epicfight:skillbook":3,"minecraft:flint_and_steel":2,"minecraft:torchflower":2,"minecraft:stone":22,"minecraft:dirt":1,"jujutsucraft:sukuna_finger":22,"minecraft:anvil":1,"jujutsucraft:gojo_satoru_spawn_egg":3,"minecraft:black_candle":8},"minecraft:killed":{"jujutsucraft:kusakabe_yatsuya":1,"minecraft:sheep":1,"jujutsucraft:cursed_spirit_grade_32":1,"minecraft:skeleton":2,"jujutsucraft:jogo":1,"jujutsucraft:cursed_spirit_grade_39":1,"jujutsucraft:cursed_spirit_grade_33":1,"jujutsucraft:reggie_star":2,"jujutsucraft:garuda":2,"jujutsucraft:cursed_spirit_grade_314":1,"minecraft:zombie":8,"jujutsucraft:cursed_spirit_grade_14":1,"jujutsucraft:nue":2,"jujutsucraft:cursed_spirit_grade_311":2,"jujutsucraft:cursed_spirit_grade_310":1,"jujutsucraft:zenin_naoya":1,"minecraft:salmon":18,"jujutsucraft:tsukumo_yuki":2,"jujutsucraftaddon:sukuna_r":2,"minecraft:spider":2,"jujutsucraft:cursed_spirit_grade_37":1,"minecraft:drowned":4,"jujutsucraft:cursed_spirit_grade_35":1,"jujutsucraft:round_deer":1,"jujutsucraft:zenin_maki":1,"jujutsucraft:hakari_kinji":1,"jujutsucraft:cursed_spirit_grade_34":1,"jujutsucraft:curse_user":1,"jujutsucraft:transfigured_human_1":1,"jujutsucraft:transfigured_human_2":1,"jujutsucraft:great_serpent":1,"minecraft:creeper":2,"minecraft:squid":1,"jujutsucraft:cursed_spirit_grade_321":1,"minecraft:cow":1},"minecraft:picked_up":{"minecraft:salmon":1,"jujutsucraft:uniform_normal_chestplate":2,"minecraft:ink_sac":1,"jujutsucraftaddon:random_ct_changer":2,"jujutsucraft:uniform_normal_leggings":1,"minecraft:bone":2,"minecraft:rotten_flesh":7,"jujutsucraft:clothes_jogo_chestplate":2,"jujutsucraft:clothes_nanami_leggings":1}},"DataVersion":3465}