{"stats":{"minecraft:custom":{"minecraft:jump":23,"minecraft:time_since_rest":21795,"minecraft:damage_taken":40,"minecraft:crouch_one_cm":282,"minecraft:leave_game":10,"minecraft:play_time":21795,"minecraft:sprint_one_cm":580,"minecraft:time_since_death":21795,"minecraft:walk_on_water_one_cm":2524,"minecraft:walk_one_cm":13735,"minecraft:sneak_time":187,"minecraft:total_world_time":21795,"minecraft:mob_kills":2,"minecraft:fall_one_cm":656,"minecraft:fly_one_cm":14894,"minecraft:damage_dealt_resisted":2587},"minecraft:used":{"epicfight:skillbook":3},"minecraft:killed":{"minecraft:cow":1,"minecraft:salmon":1}},"DataVersion":3465}