{"stats":{"minecraft:custom":{"minecraft:interact_with_anvil":1,"minecraft:mob_kills":199,"minecraft:damage_dealt_resisted":940544,"minecraft:leave_game":21,"minecraft:time_since_death":208061,"minecraft:climb_one_cm":627,"minecraft:damage_resisted":44875,"minecraft:time_since_rest":208061,"minecraft:sprint_one_cm":75303,"minecraft:damage_taken":11278,"minecraft:walk_one_cm":604826,"minecraft:drop":57,"minecraft:damage_dealt":27035,"minecraft:swim_one_cm":30403,"minecraft:fly_one_cm":1397766,"minecraft:player_kills":6,"minecraft:crouch_one_cm":27738,"minecraft:play_time":208061,"minecraft:sneak_time":6196,"minecraft:walk_under_water_one_cm":166189,"minecraft:jump":1049,"minecraft:walk_on_water_one_cm":145221,"minecraft:total_world_time":208061,"minecraft:fall_one_cm":103684},"minecraft:dropped":{"jujutsu_kaisen_gt_2:left_sign_item":2,"minecraft:porkchop":3,"jujutsucraft:cursed_spirit_armoury_chestplate":1,"jujutsucraft:uniform_normal_leggings":2,"jujutsucraft:supreme_martial_solution":1,"jujutsucraft:sword_miwa_kasumi":1,"jujutsucraft:item_master_falling_blossom_emotion":1,"minecraft:rotten_flesh":11,"jujutsu_kaisen_gt_2:hand_sign_item":3,"jujutsucraft:clothes_nanami_leggings":1,"jujutsucraft:itadori_arm":2,"minecraft:salmon":1,"jujutsucraft:uniform_normal_chestplate":2,"jujutsucraft:slaughter_demon":1,"minecraft:gunpowder":5,"jujutsucraft:recommendation_1":3,"jujutsucraft:item_master_domain_expansion":1,"jujutsucraft:item_master_domain_amplification":1,"jujutsucraft:mei_mei_axe":2,"minecraft:arrow":22,"minecraft:string":12,"jujutsucraft:clothes_jogo_chestplate":2,"jujutsucraft:mahoraga_wheel_helmet":1,"jujutsucraft:g_staff":1,"jujutsucraft:bullet_ball":1,"minecraft:bone":11,"jujutsucraft:clothes_hakari_kinji_chestplate":1},"minecraft:used":{"jujutsucraft:nobara_kugisaki_spawn_egg":1,"epicfight:skillbook":3,"minecraft:torchflower":2,"minecraft:flint_and_steel":2,"jujutsucraft:cursed_spirit_grade_11_spawn_egg":3,"jujutsucraft:cursed_spirit_grade_15_spawn_egg":1,"minecraft:stone":42,"jujutsucraft:cursed_spirit_grade_14_spawn_egg":1,"jujutsucraft:cursed_spirit_armoury_chestplate":1,"minecraft:dirt":3,"jujutsucraft:sukuna_finger":22,"minecraft:anvil":1,"jujutsucraft:cursed_spirit_grade_21_spawn_egg":1,"minecraft:gravel":7,"jujutsucraft:gojo_satoru_school_days_spawn_egg":1,"jujutsucraft:gojo_satoru_spawn_egg":4,"minecraft:black_candle":8,"jujutsucraft:cursed_spirit_grade_12_spawn_egg":1,"jujutsucraft:itadori_yuji_shinjuku_spawn_egg":1},"minecraft:killed":{"jujutsucraft:okkotsu_yuta_culling_game":1,"jujutsucraft:cursed_spirit_grade_32":2,"jujutsucraft:kusakabe_yatsuya":1,"jujutsucraft:cursed_spirit_grade_21":1,"jujutsucraft:transfigured_human_3":2,"jujutsucraft:cursed_spirit_grade_33":3,"jujutsucraft:reggie_star":2,"jujutsucraft:garuda":2,"minecraft:pig":2,"jujutsucraft:nue":2,"jujutsucraft:kukuru":4,"jujutsucraft:cursed_spirit_grade_11":1,"jujutsucraft:zenin_naoya":1,"minecraft:salmon":18,"jujutsucraft:cursed_spirit_grade_12":2,"jujutsucraft:tsukumo_yuki":2,"minecraft:spider":3,"jujutsucraft:yoshino_junpei":1,"jujutsucraft:cursed_spirit_grade_37":1,"jujutsucraft:cursed_spirit_grade_35":1,"jujutsucraft:round_deer":1,"jujutsucraft:rock_fragment":2,"jujutsucraft:zenin_maki":1,"jujutsucraft:cursed_spirit_grade_26":1,"jujutsucraft:cursed_spirit_grade_318":7,"jujutsucraft:curse_user_1":1,"jujutsucraft:hakari_kinji":1,"jujutsucraft:transfigured_human_2":1,"jujutsucraft:curse_user":2,"jujutsucraft:cursed_spirit_grade_03":1,"jujutsucraft:great_serpent":1,"minecraft:creeper":6,"minecraft:squid":1,"jujutsucraft:cursed_spirit_grade_321":1,"minecraft:sheep":5,"minecraft:horse":5,"minecraft:skeleton":10,"jujutsucraft:jogo":1,"jujutsucraft:cursed_spirit_grade_39":9,"jujutsucraft:fox_fire":10,"jujutsucraft:cursed_spirit_grade_313":6,"jujutsucraft:cursed_spirit_grade_312":2,"jujutsucraft:cursed_spirit_grade_314":1,"minecraft:zombie":17,"jujutsucraft:cursed_spirit_grade_14":2,"jujutsucraft:cursed_spirit_grade_311":2,"jujutsucraft:cursed_spirit_grade_310":2,"jujutsucraft:fushiguro_toji_bug":1,"jujutsucraft:cursed_spirit_grade_19":1,"jujutsucraft:cursed_spirit_grade_17":1,"jujutsucraft:cursed_spirit_grade_36":4,"jujutsucraft:fushiguro_toji":1,"jujutsucraft:rozetsu_shikigami":1,"jujutsucraft:cursed_spirit_grade_08":1,"jujutsucraftaddon:sukuna_r":2,"minecraft:drowned":4,"jujutsucraft:itadori_yuji_shibuya":2,"jujutsucraft:moon_dregs":1,"jujutsucraft:cursed_spirit_grade_317":7,"jujutsucraft:cursed_spirit_grade_315":2,"jujutsucraft:cursed_spirit_grade_38":2,"jujutsucraft:cursed_spirit_grade_34":1,"jujutsucraft:geto_suguru_curse_user":1,"jujutsucraft:transfigured_human_1":2,"jujutsucraft:cursed_spirit_grade_27":2,"minecraft:cow":10},"minecraft:picked_up":{"jujutsucraft:slaughter_demon":1,"minecraft:leather":5,"jujutsu_kaisen_gt_2:hand_sign_item":2,"jujutsucraft:g_staff":1,"minecraft:salmon":1,"minecraft:gunpowder":6,"jujutsucraft:inverted_spear_of_heaven":1,"minecraft:string":12,"jujutsucraft:uniform_normal_leggings":1,"minecraft:bone":12,"jujutsucraft:clothes_jogo_chestplate":2,"jujutsu_kaisen_gt_2:left_sign_item":1,"jujutsucraft:mei_mei_axe":3,"minecraft:beef":7,"jujutsucraft:item_master_domain_amplification":1,"jujutsucraft:supreme_martial_solution":1,"jujutsucraft:sword_miwa_kasumi":1,"minecraft:porkchop":3,"jujutsucraft:uniform_normal_chestplate":2,"minecraft:ink_sac":1,"jujutsucraftaddon:random_ct_changer":2,"jujutsucraft:sunglasses_helmet":1,"minecraft:arrow":24,"minecraft:rotten_flesh":16,"jujutsucraft:clothes_nanami_leggings":1,"jujutsucraft:item_master_falling_blossom_emotion":1,"jujutsucraft:mahito_hand_2":1}},"DataVersion":3465}