{"stats":{"minecraft:custom":{"minecraft:time_since_rest":73243,"minecraft:sprint_one_cm":44732,"minecraft:damage_taken":100,"minecraft:walk_one_cm":142397,"minecraft:mob_kills":39,"minecraft:interact_with_anvil":1,"minecraft:drop":17,"minecraft:damage_dealt":1818,"minecraft:swim_one_cm":8720,"minecraft:fly_one_cm":268790,"minecraft:player_kills":6,"minecraft:crouch_one_cm":12808,"minecraft:play_time":73243,"minecraft:sneak_time":2078,"minecraft:walk_under_water_one_cm":18752,"minecraft:jump":272,"minecraft:damage_dealt_resisted":73081,"minecraft:leave_game":11,"minecraft:time_since_death":73243,"minecraft:walk_on_water_one_cm":28145,"minecraft:total_world_time":73243,"minecraft:damage_resisted":240,"minecraft:fall_one_cm":33744},"minecraft:dropped":{"jujutsucraft:recommendation_1":3,"jujutsucraft:item_master_domain_expansion":1,"jujutsucraft:uniform_normal_leggings":2,"minecraft:rotten_flesh":5,"jujutsucraft:clothes_nanami_leggings":1,"jujutsucraft:itadori_arm":2,"jujutsucraft:clothes_jogo_chestplate":2,"jujutsucraft:uniform_normal_chestplate":2,"jujutsucraft:clothes_hakari_kinji_chestplate":1,"jujutsucraft:bullet_ball":1},"minecraft:used":{"epicfight:skillbook":3,"jujutsucraft:sukuna_finger":22,"minecraft:anvil":1,"jujutsucraft:gojo_satoru_spawn_egg":2},"minecraft:killed":{"jujutsucraft:cursed_spirit_grade_32":1,"minecraft:sheep":1,"jujutsucraft:kusakabe_yatsuya":1,"minecraft:skeleton":2,"jujutsucraft:jogo":1,"jujutsucraft:cursed_spirit_grade_39":1,"jujutsucraft:reggie_star":2,"jujutsucraft:garuda":2,"minecraft:zombie":7,"jujutsucraft:cursed_spirit_grade_14":1,"jujutsucraft:cursed_spirit_grade_311":2,"jujutsucraft:zenin_naoya":1,"minecraft:salmon":1,"jujutsucraft:tsukumo_yuki":2,"minecraft:spider":1,"minecraft:drowned":3,"jujutsucraft:cursed_spirit_grade_35":1,"jujutsucraft:zenin_maki":1,"jujutsucraft:hakari_kinji":1,"jujutsucraft:transfigured_human_1":1,"jujutsucraft:transfigured_human_2":1,"minecraft:creeper":1,"jujutsucraft:cursed_spirit_grade_321":1,"minecraft:cow":1},"minecraft:picked_up":{"jujutsucraft:uniform_normal_chestplate":2,"jujutsucraftaddon:random_ct_changer":1,"jujutsucraft:uniform_normal_leggings":1,"minecraft:rotten_flesh":7,"jujutsucraft:clothes_jogo_chestplate":2,"jujutsucraft:clothes_nanami_leggings":1}},"DataVersion":3465}