{"stats":{"minecraft:custom":{"minecraft:jump":36,"minecraft:time_since_rest":16442,"minecraft:crouch_one_cm":966,"minecraft:leave_game":4,"minecraft:play_time":16442,"minecraft:sprint_one_cm":464,"minecraft:damage_taken":40,"minecraft:time_since_death":16442,"minecraft:walk_one_cm":12975,"minecraft:sneak_time":2089,"minecraft:total_world_time":17500,"minecraft:mob_kills":5,"minecraft:fall_one_cm":916,"minecraft:fly_one_cm":355379},"minecraft:killed":{"minecraft:sheep":4,"minecraft:chicken":1}},"DataVersion":3465}