{
  "jujutsucraft:jujutsu_craft_skills": {
    "criteria": {
      "jujutsu_craft_skills_0": "2024-11-16 02:59:54 +0000"
    },
    "done": true
  },
  "jujutsucraft:skill_divine_dog_totality": {
    "criteria": {
      "skill_divine_dog_totality_0": "2024-11-16 02:59:54 +0000"
    },
    "done": true
  },
  "minecraft:recipes/decorations/crafting_table": {
    "criteria": {
      "unlock_right_away": "2024-11-16 02:59:54 +0000"
    },
    "done": true
  },
  "jujutsu_kaisen_gt_2:jujutsu_craft_gt_skill": {
    "criteria": {
      "jujutsu_craft_gt_skill_0": "2024-11-16 02:59:54 +0000"
    },
    "done": true
  },
  "jujutsucraft:battle_advancements": {
    "criteria": {
      "battle_advancements_0": "2024-11-16 02:59:54 +0000"
    },
    "done": true
  },
  "jujutsu_kaisen_gt_2:regular_sorcerers": {
    "criteria": {
      "regular_sorcerers_0": "2024-11-16 02:59:54 +0000"
    },
    "done": true
  },
  "jujutsucraftaddon:welcome_to_jujutsu_plus": {
    "criteria": {
      "welcome_to_jujutsu_plus_0": "2024-11-16 02:59:54 +0000"
    },
    "done": true
  },
  "jujutsu_kaisen_gt_2:jujutsu_craft_gt": {
    "criteria": {
      "jujutsu_craft_gt_0": "2024-11-16 02:59:54 +0000"
    },
    "done": true
  },
  "jujutsucraft:skill_merged_beast_agito": {
    "criteria": {
      "skill_merged_beast_agito_0": "2024-11-16 02:59:54 +0000"
    },
    "done": true
  },
  "jujutsucraft:start_jujutsu_craft": {
    "criteria": {
      "start_jujutsu_craft_0": "2024-11-16 02:59:54 +0000"
    },
    "done": true
  },
  "minecraft:adventure/adventuring_time": {
    "criteria": {
      "minecraft:taiga": "2024-11-16 02:59:55 +0000",
      "minecraft:cherry_grove": "2024-11-17 02:33:21 +0000",
      "minecraft:beach": "2024-11-17 00:58:31 +0000",
      "minecraft:river": "2024-11-17 00:58:26 +0000",
      "minecraft:forest": "2024-11-17 00:52:27 +0000",
      "minecraft:plains": "2024-11-17 02:30:05 +0000"
    },
    "done": false
  },
  "jujutsucraft:skill_ten_shadows_technique": {
    "criteria": {
      "skill_ten_shadows_technique_0": "2024-11-17 00:52:24 +0000"
    },
    "done": true
  },
  "jujutsucraft:skill_divine_dogs": {
    "criteria": {
      "skill_divine_dogs_0": "2024-11-17 00:52:24 +0000"
    },
    "done": true
  },
  "minecraft:adventure/root": {
    "criteria": {
      "killed_something": "2024-11-17 00:57:52 +0000"
    },
    "done": true
  },
  "minecraft:recipes/transportation/cherry_boat": {
    "criteria": {
      "in_water": "2024-11-17 00:57:54 +0000"
    },
    "done": true
  },
  "minecraft:recipes/transportation/bamboo_raft": {
    "criteria": {
      "in_water": "2024-11-17 00:57:54 +0000"
    },
    "done": true
  },
  "minecraft:recipes/transportation/spruce_boat": {
    "criteria": {
      "in_water": "2024-11-17 00:57:54 +0000"
    },
    "done": true
  },
  "minecraft:recipes/transportation/birch_boat": {
    "criteria": {
      "in_water": "2024-11-17 00:57:54 +0000"
    },
    "done": true
  },
  "minecraft:recipes/transportation/oak_boat": {
    "criteria": {
      "in_water": "2024-11-17 00:57:54 +0000"
    },
    "done": true
  },
  "minecraft:recipes/transportation/mangrove_boat": {
    "criteria": {
      "in_water": "2024-11-17 00:57:54 +0000"
    },
    "done": true
  },
  "minecraft:recipes/transportation/acacia_boat": {
    "criteria": {
      "in_water": "2024-11-17 00:57:54 +0000"
    },
    "done": true
  },
  "minecraft:recipes/transportation/jungle_boat": {
    "criteria": {
      "in_water": "2024-11-17 00:57:54 +0000"
    },
    "done": true
  },
  "minecraft:recipes/transportation/dark_oak_boat": {
    "criteria": {
      "in_water": "2024-11-17 00:57:54 +0000"
    },
    "done": true
  },
  "jujutsucraft:update": {
    "criteria": {
      "update_0": "2024-11-17 02:35:37 +0000"
    },
    "done": true
  },
  "jujutsucraft:sorcerer_grade_2_semi": {
    "criteria": {
      "sorcerer_grade_2_semi_0": "2024-11-17 02:34:30 +0000"
    },
    "done": true
  },
  "jujutsucraft:advancement_six_eyes": {
    "criteria": {
      "advancement_six_eyes_0": "2024-11-17 02:20:56 +0000"
    },
    "done": true
  },
  "jujutsucraft:mastery_simple_domain": {
    "criteria": {
      "mastery_simple_domain_0": "2024-11-17 02:27:58 +0000"
    },
    "done": true
  },
  "jujutsucraft:skill_dismantle": {
    "criteria": {
      "skill_dismantle_0": "2024-11-17 02:35:10 +0000"
    },
    "done": true
  },
  "jujutsucraft:skill_infinity": {
    "criteria": {
      "skill_infinity_0": "2024-11-17 02:20:56 +0000"
    },
    "done": true
  },
  "jujutsucraft:sorcerer_grade_4": {
    "criteria": {
      "sorcerer_grade_4_0": "2024-11-17 02:34:29 +0000"
    },
    "done": true
  },
  "jujutsucraft:sorcerer_grade_1": {
    "criteria": {
      "sorcerer_grade_1_0": "2024-11-17 02:34:31 +0000"
    },
    "done": true
  },
  "jujutsucraft:sorcerer_grade_2": {
    "criteria": {
      "sorcerer_grade_2_0": "2024-11-17 02:34:31 +0000"
    },
    "done": true
  },
  "jujutsucraft:sorcerer_grade_3": {
    "criteria": {
      "sorcerer_grade_3_0": "2024-11-17 02:34:30 +0000"
    },
    "done": true
  },
  "jujutsu_kaisen_gt_2:the_strongest_1": {
    "criteria": {
      "the_strongest_1_0": "2024-11-17 02:35:27 +0000"
    },
    "done": true
  },
  "jujutsucraft:mastery_falling_blossom_emotion": {
    "criteria": {
      "mastery_falling_blossom_emotion_0": "2024-11-17 02:27:59 +0000"
    },
    "done": true
  },
  "minecraft:recipes/decorations/chest": {
    "criteria": {
      "has_lots_of_items": "2024-11-17 02:27:50 +0000"
    },
    "done": true
  },
  "jujutsucraft:skill_sukuna": {
    "criteria": {
      "skill_sukuna_0": "2024-11-17 02:35:10 +0000"
    },
    "done": true
  },
  "jujutsu_kaisen_gt_2:special_grade_2": {
    "criteria": {
      "special_grade_2_0": "2024-11-17 02:35:22 +0000"
    },
    "done": true
  },
  "jujutsu_kaisen_gt_2:special_grade_1": {
    "criteria": {
      "special_grade_1_0": "2024-11-17 02:35:26 +0000"
    },
    "done": true
  },
  "jujutsu_kaisen_gt_2:special_grade_4": {
    "criteria": {
      "special_grade_4_0": "2024-11-17 02:35:09 +0000"
    },
    "done": true
  },
  "jujutsu_kaisen_gt_2:special_grade_3": {
    "criteria": {
      "special_grade_3_0": "2024-11-17 02:35:11 +0000"
    },
    "done": true
  },
  "jujutsucraft:mastery_domain_amplification": {
    "criteria": {
      "mastery_domain_amplification_0": "2024-11-17 02:28:03 +0000"
    },
    "done": true
  },
  "jujutsucraft:mastery_domain_expansion": {
    "criteria": {
      "mastery_domain_expansion_0": "2024-11-17 02:28:01 +0000"
    },
    "done": true
  },
  "minecraft:husbandry/root": {
    "criteria": {
      "consumed_item": "2024-11-17 02:35:09 +0000"
    },
    "done": true
  },
  "jujutsucraft:skill_cursed_technique_reversal_red": {
    "criteria": {
      "skill_cursed_technique_reversal_red_0": "2024-11-17 02:34:31 +0000"
    },
    "done": true
  },
  "jujutsucraft:sukuna_finger_1": {
    "criteria": {
      "sukuna_finger_1_0": "2024-11-17 02:35:09 +0000"
    },
    "done": true
  },
  "jujutsucraft:sukuna_finger_2": {
    "criteria": {
      "sukuna_finger_2_0": "2024-11-17 02:35:10 +0000"
    },
    "done": true
  },
  "jujutsucraft:sukuna_finger_3": {
    "criteria": {
      "sukuna_finger_3_0": "2024-11-17 02:35:11 +0000"
    },
    "done": true
  },
  "jujutsucraft:sukuna_finger_4": {
    "criteria": {
      "sukuna_finger_4_0": "2024-11-17 02:35:12 +0000"
    },
    "done": true
  },
  "jujutsucraft:sukuna_finger_5": {
    "criteria": {
      "sukuna_finger_5_0": "2024-11-17 02:35:13 +0000"
    },
    "done": true
  },
  "jujutsucraft:sukuna_finger_6": {
    "criteria": {
      "sukuna_finger_6_0": "2024-11-17 02:35:14 +0000"
    },
    "done": true
  },
  "jujutsucraft:sukuna_finger_7": {
    "criteria": {
      "sukuna_finger_7_0": "2024-11-17 02:35:15 +0000"
    },
    "done": true
  },
  "jujutsucraft:sukuna_finger_8": {
    "criteria": {
      "sukuna_finger_8_0": "2024-11-17 02:35:16 +0000"
    },
    "done": true
  },
  "jujutsucraft:sukuna_finger_9": {
    "criteria": {
      "sukuna_finger_9_0": "2024-11-17 02:35:17 +0000"
    },
    "done": true
  },
  "jujutsucraft:skill_high_speed": {
    "criteria": {
      "skill_high_speed_0": "2024-11-17 02:34:31 +0000"
    },
    "done": true
  },
  "jujutsucraft:mastery_open_barrier_type_domain": {
    "criteria": {
      "mastery_open_barrier_type_domain_0": "2024-11-17 02:28:01 +0000"
    },
    "done": true
  },
  "jujutsucraft:skill_gojo": {
    "criteria": {
      "skill_gojo_0": "2024-11-17 02:20:56 +0000"
    },
    "done": true
  },
  "jujutsucraft:skill_strike_strengthening": {
    "criteria": {
      "skill_strike_strengthening_0": "2024-11-17 02:34:31 +0000"
    },
    "done": true
  },
  "jujutsucraft:skill_cleave": {
    "criteria": {
      "skill_cleave_0": "2024-11-17 02:35:10 +0000"
    },
    "done": true
  },
  "jujutsu_kaisen_gt_2:the_strongest": {
    "criteria": {
      "the_strongest_0": "2024-11-17 02:35:27 +0000"
    },
    "done": true
  },
  "jujutsucraft:advancement_insect": {
    "criteria": {
      "advancement_insect_0": "2024-11-17 02:20:50 +0000"
    },
    "done": true
  },
  "jujutsucraft:skill_hollow_technique_purple": {
    "criteria": {
      "skill_hollow_technique_purple_0": "2024-11-17 02:34:31 +0000"
    },
    "done": true
  },
  "jujutsucraftaddon:cleave_web_advancement": {
    "criteria": {
      "cleave_web_advancement_0": "2024-11-17 02:35:22 +0000"
    },
    "done": true
  },
  "jujutsucraft:observation_of_the_soul": {
    "criteria": {
      "observation_of_the_soul_0": "2024-11-17 02:35:09 +0000"
    },
    "done": true
  },
  "jujutsucraftaddon:extension_technique": {
    "criteria": {
      "extension_technique_0": "2024-11-17 02:27:27 +0000"
    },
    "done": true
  },
  "jujutsucraft:skill_cursed_technique_lapse_blue": {
    "criteria": {
      "skill_cursed_technique_lapse_blue_0": "2024-11-17 02:20:56 +0000"
    },
    "done": true
  },
  "jujutsucraft:reverse_cursed_technique_2": {
    "criteria": {
      "reverse_cursed_technique_2_0": "2024-11-17 02:27:56 +0000"
    },
    "done": true
  },
  "jujutsucraft:reverse_cursed_technique_1": {
    "criteria": {
      "reverse_cursed_technique_1_0": "2024-11-17 02:27:56 +0000"
    },
    "done": true
  },
  "jujutsucraftaddon:sorcerer_strongest_of_modern": {
    "criteria": {
      "sorcerer_strongest_of_modern_0": "2024-11-17 02:27:55 +0000"
    },
    "done": true
  },
  "jujutsucraft:sorcerer_grade_1_semi": {
    "criteria": {
      "sorcerer_grade_1_semi_0": "2024-11-17 02:34:31 +0000"
    },
    "done": true
  },
  "jujutsucraft:anti_open_barrier_type_domain": {
    "criteria": {
      "anti_open_barrier_type_domain_0": "2024-11-17 02:28:02 +0000"
    },
    "done": true
  },
  "jujutsucraft:sukuna_finger_20": {
    "criteria": {
      "sukuna_finger_20_0": "2024-11-17 02:35:27 +0000"
    },
    "done": true
  },
  "jujutsucraft:sukuna_finger_10": {
    "criteria": {
      "sukuna_finger_10_0": "2024-11-17 02:35:18 +0000"
    },
    "done": true
  },
  "jujutsucraft:sukuna_finger_11": {
    "criteria": {
      "sukuna_finger_11_0": "2024-11-17 02:35:19 +0000"
    },
    "done": true
  },
  "jujutsucraft:sukuna_finger_12": {
    "criteria": {
      "sukuna_finger_12_0": "2024-11-17 02:35:19 +0000"
    },
    "done": true
  },
  "jujutsucraft:sukuna_finger_13": {
    "criteria": {
      "sukuna_finger_13_0": "2024-11-17 02:35:20 +0000"
    },
    "done": true
  },
  "jujutsucraft:sukuna_finger_14": {
    "criteria": {
      "sukuna_finger_14_0": "2024-11-17 02:35:21 +0000"
    },
    "done": true
  },
  "jujutsucraft:sukuna_finger_15": {
    "criteria": {
      "sukuna_finger_15_0": "2024-11-17 02:35:22 +0000"
    },
    "done": true
  },
  "jujutsucraft:sukuna_finger_16": {
    "criteria": {
      "sukuna_finger_16_0": "2024-11-17 02:35:23 +0000"
    },
    "done": true
  },
  "jujutsucraft:sukuna_finger_17": {
    "criteria": {
      "sukuna_finger_17_0": "2024-11-17 02:35:24 +0000"
    },
    "done": true
  },
  "jujutsucraft:sukuna_finger_18": {
    "criteria": {
      "sukuna_finger_18_0": "2024-11-17 02:35:25 +0000"
    },
    "done": true
  },
  "jujutsucraft:sukuna_finger_19": {
    "criteria": {
      "sukuna_finger_19_0": "2024-11-17 02:35:26 +0000"
    },
    "done": true
  },
  "jujutsucraft:skill_open": {
    "criteria": {
      "skill_open_0": "2024-11-17 02:35:10 +0000"
    },
    "done": true
  },
  "DataVersion": 3465
}